Date,Time,Treatment,Plot number,Plant species,# flowers,Av temp,Av wind,Apis mellifera,Lassioglossum spp,Ichneumonidae wasp,Formicidae spp,Amegilla sp,Other hymenoptera spp,Homalictus spp,Syrphidae spp,Hemiptera spp,Other Diptera spp,Lycaenidae spp
12/12/2019,10:00,,4,Senecio madagascariensis,2,23,1.1,0,0,0,0,0,0,0,0,0,0,0
12/12/2019,10:00,,4,Plantago lanceolata,4,23,1.1,0,0,0,0,0,0,0,0,0,0,0
12/12/2019,10:00,,12,Senecio madagascariensis,1,23,1.1,0,0,0,0,0,0,0,0,0,0,0
12/12/2019,10:00,,12,Plantago lanceolata ,13,23,1.1,0,0,0,0,0,0,0,0,0,0,0
12/12/2019,10:00,,12,Hypochaeris / Taraxacum,6,23,1.1,1,0,0,0,0,0,0,0,0,0,0
12/12/2019,10:00,,13,Senecio madagascariensis,2,24,1,0,0,0,0,0,0,0,0,0,0,0
12/12/2019,10:00,,13,Hypochaeris / Taraxacum,7,24,1,0,0,1,0,0,0,0,0,0,0,0
12/12/2019,10:00,,13,Plantago lanceolata ,21,24,1,0,1,0,0,0,0,0,0,0,0,0
12/12/2019,10:00,,23,Hypochaeris / Taraxacum,3,24,1,1,0,0,0,0,0,0,0,0,0,0
12/12/2019,10:00,,23,Plantago lanceolata,16,24,1,0,0,0,0,0,0,0,0,0,0,0
12/12/2019,11:13,,31,Hypochaeris / Taraxacum,15,24,2.5,1,0,0,0,0,0,0,0,0,0,0
12/12/2019,11:13,,41,Hypochaeris / Taraxacum,7,24,2.5,0,0,0,0,0,0,0,0,0,0,0
12/12/2019,2:00,,51,Hypochaeris / Taraxacum,1,24,2.5,0,0,0,0,0,0,0,0,0,0,0
12/12/2019,2:00,,42,Conyza bonariensis,33,24,2.5,0,0,1,1,0,0,0,0,0,0,0
12/12/2019,2:00,,44,Conyza bonariensis,20,24,2.5,0,0,0,0,0,0,0,0,0,0,0
12/12/2019,2:00,,44,Senecio madagascariensis,1,24,2.5,0,0,0,0,0,0,0,0,0,0,0
12/12/2019,2:00,,54,Trifolium repens,1,24,2.5,0,0,0,0,0,0,0,0,0,0,0
12/12/2019,2:00,,54,Conyza bonariensis,10,24,2.5,0,0,0,0,0,0,0,0,0,0,0
12/12/2019,2:00,,54,Solanum nodiflorum,7,24,2.5,0,0,0,0,0,0,0,0,0,0,0
12/12/2019,2:00,,55,na,0,29,2.4,0,0,0,0,0,0,0,0,0,0,0
12/12/2019,2:00,,35,na,0,29,2.4,0,0,0,0,0,0,0,0,0,0,0
12/12/2019,2:00,,36,na,0,29,2.4,0,0,0,0,0,0,0,0,0,0,0
12/12/2019,2:00,,26,Plantago lanceolata,35,28,2.4,0,0,0,0,0,0,0,0,0,0,0
12/12/2019,2:00,,27,Hypochaeris / Taraxacum,1,28,2.4,0,0,0,0,0,0,0,0,0,0,0
12/12/2019,2:00,,27,Senecio madagascariensis,4,28,2.4,0,0,0,0,0,0,0,0,0,0,0
12/12/2019,2:00,,27,Plantago lanceolata,8,28,2.4,0,0,0,0,0,0,0,0,0,0,0
12/12/2019,2:00,,27,Solanum nodiflorum,4,28,2.4,0,0,0,0,0,0,0,0,0,0,0
12/12/2019,2:00,,28,Senecio madagascariensis,1,28,2.4,0,0,0,0,0,0,0,0,0,0,0
12/12/2019,2:00,,28,Plantago lanceolata,19,28,2.4,0,0,0,0,0,0,0,0,0,0,0
12/12/2019,2:00,,6,Conyza bonariensis,20,27.7,2,0,0,0,0,0,0,0,0,0,0,0
12/12/2019,2:00,,8,Conyza bonariensis,15,27.7,2,0,0,0,0,0,0,0,0,0,0,0
12/12/2019,2:00,,8,Verbena bonariensis,1,27.7,2,0,0,0,0,0,0,0,0,0,0,0
12/12/2019,2:00,,8,Plantago lanceolata,6,27.7,2,0,0,0,0,0,0,0,0,0,0,0
12/12/2019,2:00,,10,Echium plantagineum,25,28,3,0,0,0,0,0,0,0,0,0,0,0
12/12/2019,2:00,,10,Verbena bonariensis,10,28,3,0,0,0,0,0,0,0,0,0,0,0
12/12/2019,2:00,,20,na,0,28,3,0,0,0,0,0,0,0,0,0,0,0
1/6/2020,10:00,,51,Conyza bonariensis,40,25.7,0,0,0,0,0,0,0,0,0,0,0,0
1/6/2020,10:00,,41,Conyza bonariensis,10,26.3,0,0,0,0,0,0,0,0,0,0,0,0
1/6/2020,10:00,,41,Hypochaeris / Taraxacum,5,26.3,0,0,0,0,0,0,0,0,0,0,0,0
1/6/2020,10:00,,42,Conyza bonariensis,15,26,0,0,0,0,0,0,0,0,0,0,0,0
1/6/2020,10:00,,54,Hypochaeris / Taraxacum,20,26.9,0.4,0,0,0,0,0,0,0,0,0,0,0
1/6/2020,10:00,,54,Solanum nodiflorum,10,26.9,0.4,0,0,0,0,0,0,0,0,0,0,0
1/6/2020,10:00,,54,Conyza bonariensis,20,26.9,0.4,0,0,0,0,0,0,0,0,0,0,0
1/6/2020,10:00,,54,red,3,26.9,0.4,0,0,0,0,0,0,0,0,0,0,0
1/6/2020,10:00,,44,Conyza bonariensis,10,29,0.3,0,0,0,0,0,0,0,0,0,0,0
1/6/2020,10:00,,44,Hypochaeris / Taraxacum,25,29,0.3,0,0,0,0,0,0,0,0,0,0,0
1/6/2020,10:00,,31,Conyza bonariensis,40,25.6,0.3,0,0,0,0,0,0,0,0,0,0,0
1/6/2020,10:00,,31,Hypochaeris / Taraxacum,5,25.6,0.3,0,0,0,0,0,0,0,0,0,0,0
1/6/2020,10:00,,35,na,0,25.6,0.3,0,0,0,0,0,0,0,0,0,0,0
1/6/2020,10:00,,36,Hypochaeris / Taraxacum,2,25.6,0.3,0,0,0,0,0,0,0,0,0,0,0
1/6/2020,11:00,,55,Conyza bonariensis,10,25.6,0.3,0,0,0,0,0,0,0,0,0,0,0
1/6/2020,11:00,,38,na,0,25.6,0.3,0,0,0,0,0,0,0,0,0,0,0
1/6/2020,11:00,,50,Conyza bonariensis,20,25,0.5,0,0,0,0,0,0,0,0,0,0,0
1/6/2020,11:00,,50,red,3,25,0.5,0,0,0,0,0,0,0,0,0,0,0
1/6/2020,11:00,,60,Conyza bonariensis,10,26.3,1.4,0,0,0,0,0,0,0,0,0,0,0
1/6/2020,11:00,,20,Echium plantagineum,10,26.3,1.4,0,0,0,0,0,0,0,0,0,0,0
1/6/2020,11:00,,10,Echium plantagineum,10,26.3,1.4,0,0,0,0,0,0,0,0,0,0,0
1/6/2020,11:00,,10,red,5,26.3,1.4,0,0,0,0,0,0,0,0,0,0,0
1/6/2020,11:00,,10,Verbena bonariensis,30,26.3,1.4,0,0,0,0,0,0,0,0,0,0,0
1/6/2020,11:00,,19,na,0,26.3,1.4,0,0,0,0,0,0,0,0,0,0,0
1/6/2020,11:00,,8,Echium plantagineum,10,26.3,1.4,0,0,0,0,0,0,0,0,0,0,0
1/6/2020,11:00,,8,Conyza bonariensis,30,26.3,1.4,0,0,0,0,0,0,0,0,0,0,0
1/6/2020,11:00,,28,na,0,26.3,1.4,0,0,0,0,0,0,0,0,0,0,0
1/6/2020,11:00,,27,na,0,26.3,1.4,0,0,0,0,0,0,0,0,0,0,0
1/6/2020,11:00,,6,na,0,26.3,1.4,0,0,0,0,0,0,0,0,0,0,0
1/6/2020,11:00,,26,na,0,26.3,1.4,0,0,0,0,0,0,0,0,0,0,0
1/6/2020,11:00,,4,na,0,26.3,1.4,0,0,0,0,0,0,0,0,0,0,0
1/6/2020,11:00,,13,na,0,26.3,1.4,0,0,0,0,0,0,0,0,0,0,0
1/6/2020,11:00,,23,Conyza bonariensis,5,26.3,1.4,0,0,0,0,0,0,0,0,0,0,0
1/6/2020,11:00,,12,Conyza bonariensis,5,26.3,1.4,0,0,0,0,0,0,0,0,0,0,0
1/6/2020,1:00,,51,Conyza bonariensis,40,31,0,0,0,0,0,0,0,0,0,0,0,0
1/6/2020,1:00,,41,Conyza bonariensis,10,31,0,0,0,0,0,0,0,0,0,0,0,0
1/6/2020,1:00,,41,Hypochaeris / Taraxacum,5,31,0,0,0,0,0,0,0,0,0,0,0,0
1/6/2020,1:00,,42,Conyza bonariensis,15,31,0,0,0,0,0,0,0,0,0,0,0,0
1/6/2020,1:00,,54,Hypochaeris / Taraxacum,20,31,0,0,0,0,0,0,0,0,0,0,0,0
1/6/2020,1:00,,54,Solanum nodiflorum,10,31,0,0,0,0,0,0,0,0,0,0,0,0
1/6/2020,1:00,,54,Conyza bonariensis,20,31,0,0,0,0,0,0,0,0,0,0,0,0
1/6/2020,1:00,,54,red,3,31,0,0,0,0,0,0,0,0,0,0,0,0
1/6/2020,1:00,,44,Conyza bonariensis,10,31,0,0,0,0,0,0,0,0,0,0,0,0
1/6/2020,1:00,,44,Hypochaeris / Taraxacum,25,31,0,0,0,0,0,0,0,0,0,0,0,0
1/6/2020,1:00,,31,Conyza bonariensis,40,31,0,0,0,0,0,0,0,0,0,0,0,0
1/6/2020,1:00,,31,Hypochaeris / Taraxacum,5,31,0,0,0,0,0,0,0,0,0,0,0,0
1/6/2020,1:00,,35,na,0,31,0,0,0,0,0,0,0,0,0,0,0,0
1/6/2020,1:00,,36,Hypochaeris / Taraxacum,2,31,0,1,0,0,0,0,0,0,0,0,0,0
1/6/2020,1:00,,55,Conyza bonariensis,10,31,0,0,0,0,0,0,0,0,0,0,0,0
1/6/2020,1:00,,38,na,0,31,0,0,0,0,0,0,0,0,0,0,0,0
1/6/2020,1:00,,50,Conyza bonariensis,20,31,0,0,0,0,0,0,0,0,0,0,0,0
1/6/2020,1:00,,50,red,3,31,0,0,0,0,0,0,0,0,0,0,0,0
1/6/2020,1:00,,60,Conyza bonariensis,10,31,0,0,0,0,0,0,0,0,0,0,0,0
1/6/2020,1:00,,20,Echium plantagineum,10,31,0,0,0,0,0,0,0,0,0,0,0,0
1/6/2020,1:00,,10,Echium plantagineum,10,31,0,0,1,0,0,0,0,0,0,0,0,0
1/6/2020,14:00,,10,red,5,31,0,0,0,0,0,0,0,0,0,0,0,0
1/6/2020,14:00,,10,Verbena bonariensis,30,31,0,0,0,0,0,1,0,0,0,0,0,0
1/6/2020,14:00,,19,na,0,31,0,0,0,0,0,0,0,0,0,0,0,0
1/6/2020,14:00,,8,Echium plantagineum,10,31,0,0,0,0,0,0,0,0,0,0,0,0
1/6/2020,14:00,,8,Conyza bonariensis,30,31,0,0,0,0,0,0,0,0,0,0,0,0
1/6/2020,14:00,,28,na,0,31,0,0,0,0,0,0,0,0,0,0,0,0
1/6/2020,14:00,,27,na,0,31,0,0,0,0,0,0,0,0,0,0,0,0
1/6/2020,14:00,,6,na,0,31,0,0,0,0,0,0,0,0,0,0,0,0
1/6/2020,14:00,,26,na,0,31,0,0,0,0,0,0,0,0,0,0,0,0
1/6/2020,14:00,,4,na,0,31,0,0,0,0,0,0,0,0,0,0,0,0
1/6/2020,14:00,,13,na,0,31,0,0,0,0,0,0,0,0,0,0,0,0
1/6/2020,14:00,,23,Conyza bonariensis,5,31,0,0,0,0,0,0,0,0,0,0,0,0
1/6/2020,14:00,,12,Conyza bonariensis,5,31,0,0,0,0,0,0,0,0,0,0,0,0
1/28/2020,1:00,,4,Conyza bonariensis,22,30,0,0,0,0,0,0,0,0,0,0,0,0
1/28/2020,1:00,,4,senecio madagascariensis,7,30,0,0,0,0,0,0,0,0,0,0,0,0
1/28/2020,1:00,,4,Plantago lanceolata,12,30,0,1,0,0,0,0,0,0,0,0,0,0
1/28/2020,1:00,,6,Conyza bonariensis,55,30,0,0,0,0,0,0,0,0,0,0,0,0
1/28/2020,1:00,,6,Hypochaeris / Taraxacum,3,30,0,0,0,0,0,0,0,0,0,0,0,0
1/28/2020,1:00,,6,red,26,30,0,0,0,0,0,0,0,0,0,0,0,0
1/28/2020,1:00,,8,Conyza bonariensis,63,30,0,0,0,0,0,0,0,0,0,0,0,0
1/28/2020,1:00,,8,Plantago lanceolata,20,30,0,0,0,0,0,0,0,0,0,0,0,0
1/28/2020,1:00,,8,Hypochaeris / Taraxacum,33,30,0,0,0,0,0,0,0,0,0,0,0,0
1/28/2020,1:00,,8,Verbena bonariensis,22,30,0,0,0,0,0,0,0,0,0,0,0,0
1/28/2020,1:00,,20,Verbena bonariensis,10,30,0,0,0,0,0,0,0,0,0,0,0,0
1/28/2020,1:00,,20,Plantago lanceolata,3,30,0,0,0,0,0,0,0,0,0,0,0,0
1/28/2020,1:30,,19,Hypochaeris / Taraxacum,6,30,0,0,0,0,0,0,0,0,0,0,0,0
1/28/2020,1:30,,19,Plantago lanceolata,4,30,0,0,0,0,0,0,0,0,0,0,0,0
1/28/2020,1:30,,13,Senecio madagascariensis,9,30,0,0,0,0,0,0,0,0,0,0,0,0
1/28/2020,1:30,,13,Conyza bonariensis,43,30,0,0,0,0,0,0,0,0,0,0,0,0
1/28/2020,1:30,,13,Plantago lanceolata,25,30,0,0,0,0,0,0,0,0,0,0,0,0
1/28/2020,1:30,,13,Hypochaeris / Taraxacum,4,30,0,0,0,0,0,0,0,0,1,0,0,0
1/28/2020,1:30,,13,Lysmachia arvensis ,3,30,0,0,0,0,0,0,0,0,0,0,0,0
1/28/2020,1:30,,12,Conyza bonariensis,37,30,0,0,0,0,0,0,0,0,0,0,0,0
1/28/2020,1:30,,12,Plantago lanceolata,28,30,0,0,0,0,0,0,0,0,0,0,0,0
1/28/2020,1:30,,12,Lysmachia arvensis ,20,30,0,0,0,0,0,0,0,0,0,0,0,0
1/28/2020,1:30,,12,Echium plantagineum,13,30,0,0,0,0,2,0,0,0,0,0,0,0
1/28/2020,1:30,,12,Hypochaeris / Taraxacum,7,30,0,0,0,0,0,0,0,0,0,0,0,0
1/28/2020,1:50,,23,Plantago lanceolata,12,31,0.5,0,0,0,0,0,0,0,0,0,0,0
1/28/2020,1:50,,23,Conyza bonariensis,55,31,0.5,0,0,0,0,0,0,0,0,0,0,0
1/28/2020,1:50,,23,Whalenbergia gracilis,1,31,0.5,0,0,0,0,0,0,0,0,0,0,0
1/28/2020,1:50,,26,Plantago lanceolata,12,31,0.5,0,0,0,0,0,0,0,0,0,0,0
1/28/2020,1:50,,26,Conyza bonariensis,30,31,0.5,0,0,0,0,0,0,0,0,0,0,0
1/28/2020,1:50,,26,Hypochaeris / Taraxacum,3,31,0.5,0,1,0,0,0,0,0,1,0,0,0
1/28/2020,2:00,,27,Plantago lanceolata,25,31,0.5,0,0,0,0,0,0,0,0,0,0,0
1/28/2020,2:00,,27,Hypochaeris / Taraxacum,16,31,0.5,0,0,0,0,0,0,0,0,0,0,0
1/28/2020,2:00,,27,Conyza bonariensis,20,31,0.5,0,0,0,0,0,0,0,0,0,0,0
1/28/2020,2:00,,27,Echium plantagineum,10,31,0.5,0,0,0,0,0,0,0,0,0,0,0
1/28/2020,2:00,,28,Echium plantagineum,20,31,0.5,0,0,0,0,0,0,0,0,0,0,0
1/28/2020,2:00,,28,Plantago lanceolata,10,31,0.5,0,0,0,0,0,0,0,0,0,0,0
1/28/2020,2:00,,31,Conyza bonariensis,65,31,0.5,0,0,0,0,0,0,1,1,0,0,0
1/28/2020,2:00,,31,Solanum nodiflorum,10,31,0.5,0,0,0,0,0,0,0,0,0,0,0
1/28/2020,2:00,,35,na,0,31,0.5,0,0,0,0,0,0,0,0,0,0,0
1/28/2020,2:00,,36,Conyza bonariensis,40,31,0.5,0,0,1,0,0,0,0,0,0,0,0
1/28/2020,2:00,,38,na,0,31,0.5,0,0,0,0,0,0,0,0,0,0,0
1/28/2020,2:35,,50,Conyza bonariensis,25,31,0.5,0,0,0,0,0,0,0,0,0,0,0
1/28/2020,2:35,,50,Plantago lanceolata,27,31,0.5,0,0,0,0,0,0,0,0,0,0,0
1/28/2020,2:40,,44,Conyza bonariensis,35,31,0.5,0,0,0,0,0,0,0,0,0,0,0
1/28/2020,2:40,,44,Lysmachia arvensis ,20,31,0.5,0,0,0,0,0,0,0,0,0,0,0
1/28/2020,3:00,,42,Trifolium repens,5,30,0,0,0,0,0,0,0,0,0,0,0,0
1/28/2020,3:00,,42,Conyza bonariensis,40,30,0,0,0,0,0,0,0,1,0,0,0,0
1/28/2020,3:00,,41,Conyza bonariensis,29,30,0,0,0,0,0,0,0,0,0,0,0,0
1/28/2020,3:00,,51,Conyza bonariensis,75,30,0,0,0,0,0,0,0,0,0,0,0,0
1/28/2020,3:00,,60,Conyza bonariensis,30,30,0,0,0,0,0,0,0,0,0,0,0,0
1/28/2020,3:00,,55,Conyza bonariensis,10,30,0,0,0,0,0,0,0,0,0,0,0,0
1/28/2020,3:00,,55,Plantago lanceolata,2,30,0,1,0,0,0,0,0,0,0,0,0,0
1/28/2020,3:00,,54,Solanum nodiflorum,25,30,0,0,0,0,0,0,0,0,0,0,0,0
1/28/2020,3:00,,54,red ,3,30,0,0,0,0,0,0,0,0,0,0,0,0
1/28/2020,3:00,,54,Conyza bonariensis,25,30,0,0,0,0,0,0,0,0,0,0,0,0
1/28/2020,10:00,,4,Conyza bonariensis,22,27.3,0.2,0,0,0,0,0,0,0,0,0,0,0
1/28/2020,10:00,,4,senecio madagascariensis,7,27.3,0.2,0,0,0,0,0,0,1,0,0,0,0
1/28/2020,10:00,,4,Plantago lanceolata,12,27.3,0.2,0,0,0,0,0,0,0,0,0,0,0
1/28/2020,10:00,,6,Conyza bonariensis,55,27.3,0.1,0,0,0,0,0,0,0,0,0,0,0
1/28/2020,10:00,,6,Hypochaeris / Taraxacum,3,27.3,0.1,0,0,0,0,0,0,0,0,0,0,0
1/28/2020,10:00,,6,red,26,27.3,0.1,0,0,0,0,0,0,0,0,0,0,0
1/28/2020,10:00,,8,Conyza bonariensis,63,27.3,0.1,0,0,0,0,0,1,0,0,0,0,0
1/28/2020,10:00,,8,Plantago lanceolata,20,27.3,0.1,1,0,0,0,0,0,0,0,0,0,0
1/28/2020,10:00,,8,Hypochaeris / Taraxacum,33,27.3,0.1,1,0,0,0,0,0,0,0,0,0,0
1/28/2020,10:00,,8,Verbena bonariensis,22,27.3,0.1,0,0,0,0,1,0,0,0,0,0,0
1/28/2020,10:00,,20,Verbena bonariensis,10,27.9,0,0,0,0,0,0,0,0,0,0,0,0
1/28/2020,10:00,,20,Plantago lanceolata,3,27.9,0,0,0,0,0,0,0,0,0,0,0,0
1/28/2020,10:00,,19,Hypochaeris / Taraxacum,6,27.9,0,1,0,0,0,0,0,0,0,0,0,0
1/28/2020,10:00,,19,Plantago lanceolata,4,27.9,0,0,0,0,0,0,0,0,0,0,0,0
1/28/2020,10:00,,13,Senecio madagascariensis,9,27.9,0,0,0,0,0,0,0,0,0,0,0,0
1/28/2020,10:00,,13,Conyza bonariensis,43,27.9,0,0,0,0,0,0,0,0,0,0,0,0
1/28/2020,10:00,,13,Plantago lanceolata,25,27.9,0,3,0,0,0,0,0,0,0,0,0,0
1/28/2020,10:00,,13,Hypochaeris / Taraxacum,4,27.9,0,0,0,0,0,0,0,0,0,0,0,0
1/28/2020,10:00,,13,Lysmachia arvensis ,3,27.9,0,0,0,0,0,0,0,0,0,0,0,0
1/28/2020,10:00,,12,Conyza bonariensis,37,27.9,0,0,0,0,0,0,0,0,0,0,0,0
1/28/2020,10:00,,12,Plantago lanceolata,28,27.9,0,0,0,0,0,0,0,0,0,0,0,0
1/28/2020,10:00,,12,Lysmachia arvensis ,20,27.9,0,0,0,0,0,0,0,0,0,0,0,0
1/28/2020,10:00,,12,Echium plantagineum,13,27.9,0,0,0,0,0,1,0,0,0,0,0,0
1/28/2020,10:00,,12,Hypochaeris / Taraxacum,7,27.9,0,0,0,0,0,0,0,0,0,0,0,0
1/28/2020,10:00,,23,Plantago lanceolata,12,29,0,0,0,0,0,0,0,0,0,0,0,0
1/28/2020,11:00,,23,Conyza bonariensis,55,29,0,0,0,0,0,0,0,0,0,0,0,0
1/28/2020,11:00,,23,Whalenbergia gracilis,1,29,0,0,0,0,0,0,0,0,0,0,0,0
1/28/2020,11:00,,26,Plantago lanceolata,12,29,0,0,0,0,0,0,1,0,0,0,0,0
1/28/2020,11:00,,26,Conyza bonariensis,30,29,0,0,0,0,0,0,0,0,0,0,0,0
1/28/2020,11:00,,26,Hypochaeris / Taraxacum,3,29,0,0,0,0,0,0,0,0,0,0,0,0
1/28/2020,11:00,,27,Plantago lanceolata,25,29,0,1,0,0,0,0,0,0,0,0,0,0
1/28/2020,11:00,,27,Hypochaeris / Taraxacum,16,29,0,1,0,0,0,0,0,0,0,0,0,0
1/28/2020,11:00,,27,Conyza bonariensis,20,29,0,0,0,0,0,0,0,1,0,0,0,0
1/28/2020,11:00,,27,Echium plantagineum,10,29,0,0,0,0,0,0,0,1,0,0,0,0
1/28/2020,11:00,,28,Echium plantagineum,20,29,0,0,0,0,0,3,0,0,0,0,0,0
1/28/2020,11:00,,28,Plantago lanceolata,10,29,0,0,0,0,0,0,0,0,0,0,0,0
1/28/2020,11:00,,31,Conyza bonariensis,65,29,0,0,0,0,0,1,0,0,0,0,0,0
1/28/2020,11:00,,31,Solanum nodiflorum,10,29,0,0,0,0,0,0,0,0,0,0,0,0
1/28/2020,11:00,,35,na,0,0,0,0,0,0,0,0,0,0,0,0,0,0
1/28/2020,11:00,,36,Conyza bonariensis,40,29,0,0,0,0,0,0,0,0,0,0,0,0
1/28/2020,11:00,,38,na,0,29,0,0,0,0,0,0,0,0,0,0,0,0
1/28/2020,11:00,,50,Conyza bonariensis,25,29.6,0,0,0,0,0,0,0,0,0,0,0,0
1/28/2020,11:00,,50,Plantago lanceolata,27,29.6,0,0,0,0,0,0,0,0,0,0,0,0
1/28/2020,11:30,,44,Conyza bonariensis,35,29.6,0,0,0,1,0,0,0,0,0,0,0,0
1/28/2020,11:30,,44,Lysmachia arvensis ,20,29.6,0,0,0,0,0,0,0,1,0,0,0,0
1/28/2020,11:30,,42,Trifolium repens,5,29.6,0,0,0,0,0,0,0,0,0,0,0,0
1/28/2020,11:30,,42,Conyza bonariensis,40,29.6,0,0,0,0,0,0,0,0,0,0,0,0
1/28/2020,11:30,,41,Conyza bonariensis,29,29.6,0,0,0,0,0,0,0,0,0,0,0,0
1/28/2020,12:00,,51,Conyza bonariensis,75,29.6,0,0,0,0,0,0,0,1,0,0,0,0
1/28/2020,12:00,,60,Conyza bonariensis,30,30.9,0,0,0,0,0,0,0,1,0,0,0,0
1/28/2020,12:00,,55,Conyza bonariensis,10,31,0,0,0,0,0,0,0,0,1,0,0,0
1/28/2020,12:00,,55,Plantago lanceolata,2,31,0,0,0,0,0,0,0,0,0,0,0,0
1/28/2020,12:00,,54,Solanum nodiflorum,25,31,0,0,0,0,0,0,0,0,0,0,0,0
1/28/2020,12:00,,54,red ,3,31,0,0,0,0,0,0,0,0,0,0,0,0
1/28/2020,12:00,,54,Conyza bonariensis,25,31,0,0,0,0,0,0,0,0,0,0,0,0
2/4/2020,1:08,,51,Conyza bonariensis,75,26.2,0,0,0,0,0,0,0,0,0,0,0,0
2/4/2020,1:08,,51,Hypochaeris / Taraxacum,3,26.2,0,0,0,0,0,0,0,0,0,0,0,0
2/4/2020,1:08,,54,Hypochaeris / Taraxacum,10,26.2,0,0,0,0,0,0,0,0,0,0,0,0
2/4/2020,1:08,,54,Solanum nodiflorum,20,26.2,0,0,0,0,0,0,0,0,0,0,0,0
2/4/2020,1:08,,54,Conyza bonariensis,30,26.2,0,0,0,0,0,0,0,0,0,0,0,0
2/4/2020,1:15,,55,Conyza bonariensis,20,26.2,0,0,0,0,0,0,0,0,0,0,0,0
2/4/2020,1:15,,55,Hypochaeris / Taraxacum,4,26.2,0,0,0,0,0,0,0,0,0,0,0,0
2/4/2020,1:15,,55,Plantago lanceolata,4,26.2,0,0,0,0,0,0,0,0,0,0,0,0
2/4/2020,1:20,,60,Conyza bonariensis,15,26.2,0,0,0,0,0,0,0,0,0,0,0,0
2/4/2020,1:25,,50,Conyza bonariensis,35,26.2,0,0,0,0,0,0,0,0,0,0,0,0
2/4/2020,1:25,,50,Plantago lanceolata,7,26.2,0,0,0,0,0,0,0,0,0,0,0,0
2/4/2020,1:25,,50,Hypochaeris / Taraxacum,9,26.2,0,0,0,0,0,0,0,0,0,0,0,0
2/4/2020,1:30,,44,Hypochaeris / Taraxacum,11,26.2,0,0,0,0,0,0,0,0,0,0,0,0
2/4/2020,1:30,,44,Conyza bonariensis,40,26.2,0,0,0,0,0,0,0,0,0,0,0,0
2/4/2020,1:35,,42,Conyza bonariensis,40,26.2,0,0,0,0,0,0,0,0,0,0,0,0
2/4/2020,1:35,,42,Hypochaeris / Taraxacum,3,26.2,0,0,0,0,0,0,0,0,0,0,0,0
2/4/2020,1:40,,41,Hypochaeris / Taraxacum,10,27,1,0,0,0,1,0,0,0,0,0,0,0
2/4/2020,1:40,,41,Conyza bonariensis,1,27,1,0,0,0,0,0,0,0,0,0,0,0
2/4/2020,1:45,,31,Conyza bonariensis,70,27,1,0,0,0,0,0,0,0,0,0,0,0
2/4/2020,1:45,,31,Hypochaeris / Taraxacum,4,27,1,0,0,0,0,0,0,0,0,0,0,0
2/4/2020,1:45,,31,Solanum nodiflorum,15,27,1,0,0,0,0,0,0,0,0,0,0,0
2/4/2020,1:50,,23,Conyza bonariensis,35,27,1,0,0,0,0,0,0,0,0,0,0,0
2/4/2020,1:50,,23,Plantago lanceolata,6,27,1,0,0,0,0,0,0,0,0,0,0,0
2/4/2020,1:55,,26,Plantago lanceolata,12,27,1,0,0,0,0,0,0,0,0,0,0,0
2/4/2020,1:55,,26,Conyza bonariensis,30,27,1,0,0,0,0,0,0,0,0,0,0,0
2/4/2020,2:00,,27,Hypochaeris / Taraxacum,6,27,1,0,0,0,0,0,0,0,0,0,0,0
2/4/2020,2:00,,27,Echium plantagineum,9,27,1,0,0,0,0,0,0,0,0,0,0,0
2/4/2020,2:06,,28,Echium plantagineum,27,27,1,0,0,0,0,0,0,0,0,0,0,0
2/4/2020,2:06,,28,Solanum nodiflorum,3,27,1,0,0,0,0,0,0,0,0,0,0,0
2/4/2020,2:06,,28,Hypochaeris / Taraxacum,1,27,1,0,0,0,0,0,0,0,0,0,0,0
2/4/2020,2:11,,19,Plantago lanceolata,6,27,1,0,0,0,0,0,0,0,0,0,0,0
2/4/2020,2:16,,20,Verbena bonariensis,15,27,1,0,0,0,0,0,0,0,0,0,0,0
2/4/2020,2:22,,10,Verbena bonariensis,35,27,1,0,0,0,0,0,0,0,0,0,0,0
2/4/2020,2:22,,10,Echium plantagineum,6,27,1,0,0,0,0,0,0,0,0,0,0,0
2/4/2020,2:22,,10,Conyza bonariensis,12,27,1,0,0,0,0,0,0,0,0,0,0,0
2/4/2020,2:27,,8,Verbena bonariensis,27,27,1,0,0,0,0,0,0,0,0,0,0,0
2/4/2020,2:27,,8,Conyza bonariensis,50,27,1,0,0,0,0,0,0,0,0,0,0,0
2/4/2020,2:27,,6,na,0,27,1,0,0,0,0,0,0,0,0,0,0,0
2/4/2020,2:27,,4,na,0,27,1,0,0,0,0,0,0,0,0,0,0,0
2/4/2020,11:00,,51,Conyza bonariensis,75,24.3,0.5,0,0,0,0,0,0,0,0,0,0,0
2/4/2020,11:00,,51,Hypochaeris / Taraxacum,3,24.3,0.5,1,0,0,0,0,0,0,0,0,0,0
2/4/2020,11:00,,54,Hypochaeris / Taraxacum,10,24.3,0.5,2,0,0,0,0,0,0,0,0,0,0
2/4/2020,11:00,,54,Solanum nodiflorum,20,24.3,0.5,0,0,0,0,0,0,0,0,0,0,0
2/4/2020,11:00,,54,Conyza bonariensis,30,24.3,0.5,0,0,0,0,0,0,0,0,0,0,0
2/4/2020,11:00,,55,Conyza bonariensis,20,24.3,0.5,0,0,0,0,0,0,0,0,0,0,0
2/4/2020,11:00,,55,Hypochaeris / Taraxacum,4,24.3,0.5,2,0,0,0,0,0,0,0,0,0,0
2/4/2020,11:00,,55,Plantago lanceolata,4,24.3,0.5,0,0,0,0,0,0,0,0,0,0,0
2/4/2020,11:00,,60,Conyza bonariensis,15,24.8,0.5,0,0,0,0,0,0,0,0,0,0,0
2/4/2020,11:00,,50,Conyza bonariensis,35,24.8,0.5,0,0,0,0,0,0,0,0,0,0,0
2/4/2020,11:00,,50,Plantago lanceolata,7,24.8,0.5,0,0,0,0,0,0,0,0,0,0,0
2/4/2020,11:00,,50,Hypochaeris / Taraxacum,9,24.8,0.5,2,0,0,0,0,0,0,0,0,0,0
2/4/2020,11:00,,44,Hypochaeris / Taraxacum,11,24.8,0.5,0,0,0,0,0,0,1,0,0,0,0
2/4/2020,11:00,,44,Conyza bonariensis,40,24.8,0.5,0,0,0,0,0,0,0,0,0,0,0
2/4/2020,11:00,,42,Conyza bonariensis,40,26.5,0.3,0,0,0,0,0,0,0,0,0,0,0
2/4/2020,11:00,,42,Hypochaeris / Taraxacum,3,26.5,0.3,0,0,0,0,0,0,0,0,0,0,0
2/4/2020,11:00,,41,Hypochaeris / Taraxacum,10,26.5,0.3,0,0,0,0,0,0,0,0,0,0,0
2/4/2020,11:00,,41,Conyza bonariensis,1,26.5,0.3,0,0,0,0,0,0,0,0,0,0,0
2/4/2020,11:00,,31,Conyza bonariensis,70,26.5,0.3,0,0,0,0,0,0,0,0,1,0,0
2/4/2020,11:00,,31,Hypochaeris / Taraxacum,4,26.5,0.3,1,0,0,0,0,0,0,0,0,0,0
2/4/2020,11:00,,31,Solanum nodiflorum,15,26.5,0.3,0,0,0,0,0,0,0,0,0,0,0
2/4/2020,11:00,,23,Conyza bonariensis,35,26.5,0.3,0,0,0,0,0,0,0,0,0,0,0
2/4/2020,11:00,,23,Plantago lanceolata,6,26.5,0.3,0,0,0,0,0,0,0,0,0,0,0
2/4/2020,11:00,,26,Plantago lanceolata,12,26.5,0.3,0,0,0,0,0,0,0,0,0,0,0
2/4/2020,11:00,,26,Conyza bonariensis,30,26.5,0.3,0,0,0,0,0,0,0,0,0,0,0
2/4/2020,11:00,,27,Hypochaeris / Taraxacum,6,26.5,0.3,0,0,0,0,0,0,0,0,0,0,0
2/4/2020,11:00,,27,Echium plantagineum,9,26.5,0.3,1,0,0,0,3,0,1,0,0,0,0
2/4/2020,11:00,,28,Echium plantagineum,27,26.5,0.3,0,0,0,0,0,0,0,0,0,0,0
2/4/2020,11:00,,28,Solanum nodiflorum,3,26.5,0.3,0,0,0,0,0,0,0,0,0,0,0
2/4/2020,11:00,,28,Hypochaeris / Taraxacum,1,26.5,0.3,0,0,0,0,0,0,0,0,0,0,0
2/4/2020,11:00,,19,Plantago lanceolata,6,23.9,0.6,0,0,0,0,0,0,0,0,0,0,0
2/4/2020,11:00,,20,Verbena bonariensis,15,23.9,0.6,0,0,0,0,0,0,0,0,0,0,0
2/4/2020,11:00,,10,Verbena bonariensis,35,23.9,0.6,0,0,0,0,1,0,0,0,0,0,0
2/4/2020,11:00,,10,Echium plantagineum,6,23.9,0.6,0,0,0,0,1,0,0,0,0,0,0
2/4/2020,11:00,,10,Conyza bonariensis,12,23.9,0.6,0,0,0,0,0,0,1,0,1,0,0
2/4/2020,11:00,,8,Verbena bonariensis,27,23.9,0.6,0,0,0,0,0,0,0,0,0,0,0
2/4/2020,11:00,,8,Conyza bonariensis,50,24,1.9,0,0,0,0,0,0,0,0,0,0,0
2/4/2020,11:00,,6,na,0,24,1.9,0,0,0,0,0,0,0,0,0,0,0
2/4/2020,11:00,,4,na,0,24,1.9,0,0,0,0,0,0,0,0,0,0,0
2/17/2020,9:30,,4,Senecio madagascariensis,2,29,0,0,0,0,0,0,0,0,0,0,0,0
2/17/2020,9:30,,4,Hypochaeris / Taraxacum,1,29,0,0,0,0,0,0,0,0,0,0,0,0
2/17/2020,9:30,,4,Plantago lanceolata,10,29,0,0,0,0,0,0,0,0,0,0,0,0
2/17/2020,9:30,,6,Conyza bonariensis,56,29,0,0,0,0,0,0,0,0,0,0,0,0
2/17/2020,9:30,,6,Oenthera indecora,18,29,0,0,0,0,0,0,0,0,0,0,0,0
2/17/2020,9:30,,8,Hypochaeris / Taraxacum,18,29,0,0,0,0,1,0,0,0,0,0,0,0
2/17/2020,9:30,,8,Plantago lanceolata,40,29,0,1,0,1,0,0,0,0,0,0,0,0
2/17/2020,9:30,,8,Solanum nodiflorum,10,29,0,0,0,0,0,0,0,0,0,0,0,0
2/17/2020,9:30,,8,Conyza bonariensis,120,29,0,0,0,0,0,0,0,0,0,0,0,0
2/17/2020,9:30,,8,Verbena bonariensis,21,29,0,0,0,0,0,0,0,0,0,0,0,0
2/17/2020,9:30,,11,Hypochaeris / Taraxacum,5,29,0,0,0,0,0,0,0,0,0,0,0,0
2/17/2020,9:30,,11,Echium plantagineum,3,29,0,0,0,0,0,0,0,0,0,0,0,0
2/17/2020,9:30,,11,Conyza bonariensis,25,29,0,0,0,0,0,0,0,0,0,0,0,0
2/17/2020,9:30,,11,Verbena bonariensis,8,29,0,0,0,0,0,0,0,0,0,0,0,0
2/17/2020,9:30,,11,Oenthera indecora,5,29,0,0,0,0,0,0,0,0,0,0,0,0
2/17/2020,9:30,,20,Conyza bonariensis,40,29,0,0,0,0,1,0,0,0,0,0,0,0
2/17/2020,9:30,,20,Verbena bonariensis,22,29,0,0,0,0,0,0,0,0,0,0,0,0
2/17/2020,9:30,,19,Hypochaeris / Taraxacum,7,29,0,0,0,0,0,0,0,0,0,0,0,0
2/17/2020,9:30,,19,Conyza bonariensis,85,29,0,0,0,0,0,0,0,0,0,0,0,0
2/17/2020,9:30,,13,Hypochaeris / Taraxacum,9,29,0,0,0,0,0,0,0,1,0,0,0,0
2/17/2020,9:30,,13,Plantago lanceolata,65,29,0,1,0,0,0,0,0,0,0,0,0,0
2/17/2020,9:30,,13,Senecio madagascariensis,15,29,0,0,0,0,0,0,0,0,0,0,0,0
2/17/2020,9:30,,13,Lysmachia arvensis ,47,29,0,0,0,0,0,0,0,0,0,0,0,0
2/17/2020,9:30,,12,Plantago lanceolata,12,29,0,0,0,0,0,0,0,0,0,0,0,0
2/17/2020,9:30,,12,Echium plantagineum,8,29,0,0,0,0,0,1,0,0,0,0,0,0
2/17/2020,9:30,,12,Conyza bonariensis,35,29,0,0,0,0,0,0,0,0,0,0,0,0
2/17/2020,9:30,,12,Lysmachia arvensis ,10,29,0,0,0,0,0,0,0,0,0,0,0,0
2/17/2020,9:30,,23,Plantago lanceolata,8,29,0,0,0,0,0,0,0,0,0,0,0,0
2/17/2020,9:30,,23,Conyza bonariensis,100,29,0,0,0,0,0,0,0,0,0,0,0,0
2/17/2020,9:30,,26,Hypochaeris / Taraxacum,2,29,0,0,0,0,0,0,0,0,0,0,0,0
2/17/2020,9:30,,26,Plantago lanceolata,79,29,0,0,0,0,0,0,0,0,0,0,0,0
2/17/2020,9:30,,26,Solanum nodiflorum,1,29,0,0,0,0,0,0,0,0,0,0,0,0
2/17/2020,9:30,,26,Conyza bonariensis,50,29,0,0,0,0,0,0,0,0,0,0,0,0
2/17/2020,9:30,,26,Senecio madagascariensis,1,29,0,0,0,0,0,0,0,0,0,0,0,0
2/17/2020,9:30,,27,Hypochaeris / Taraxacum,3,29,0,0,0,0,0,0,0,0,0,0,0,0
2/17/2020,9:30,,27,Plantago lanceolata,4,29,0,0,0,0,0,0,0,0,0,0,0,0
2/17/2020,9:30,,27,Echium plantagineum,6,29,0,0,0,0,0,0,0,0,0,0,0,0
2/17/2020,9:30,,27,Conyza bonariensis,10,29,0,0,0,0,0,0,0,0,0,0,0,0
2/17/2020,9:30,,28,Plantago lanceolata,10,29,0,0,0,0,0,0,0,0,0,0,0,0
2/17/2020,9:30,,28,Solanum nodiflorum,3,29,0,0,0,0,0,0,0,0,0,0,0,0
2/17/2020,9:30,,28,Echium plantagineum,9,29,0,0,0,0,0,0,0,0,0,0,0,0
2/17/2020,9:30,,38,na,0,29,0,0,0,0,0,0,0,0,0,0,0,0
2/17/2020,9:30,,36,Hypochaeris / Taraxacum,7,29,0,0,0,0,0,0,0,0,0,0,0,0
2/17/2020,9:30,,36,Echium plantagineum,5,29,0,0,0,0,0,0,0,0,0,0,0,0
2/17/2020,9:30,,35,Echium plantagineum,5,29,0,0,0,0,0,0,0,0,0,0,0,0
2/17/2020,9:30,,31,Hypochaeris / Taraxacum,10,29,0,0,0,0,0,0,0,1,0,0,0,0
2/17/2020,9:30,,41,Hypochaeris / Taraxacum,4,29,0,0,0,0,0,0,0,0,0,0,0,0
2/17/2020,9:30,,41,Echium plantagineum,45,29,0,0,0,0,0,0,0,0,0,0,0,0
2/17/2020,9:30,,42,Hypochaeris / Taraxacum,3,29,0,0,0,0,0,0,0,0,0,0,0,0
2/17/2020,9:30,,42,Echium plantagineum,40,29,0,0,0,0,0,0,0,0,0,0,0,0
2/17/2020,9:30,,44,Hypochaeris / Taraxacum,12,29,0,1,0,0,0,0,0,0,0,0,0,0
2/17/2020,9:30,,44,Echium plantagineum,65,29,0,0,0,0,0,0,0,0,0,0,0,0
2/17/2020,9:30,,44,yellow large Trifolium repens,4,29,0,0,0,0,0,0,0,0,0,0,0,0
2/17/2020,9:30,,44,Lysmachia arvensis ,10,29,0,0,0,0,0,0,0,0,0,0,0,0
2/17/2020,9:30,,50,Hypochaeris / Taraxacum,12,29,0,1,0,0,0,0,0,0,0,0,0,0
2/17/2020,9:30,,50,Plantago lanceolata,85,29,0,0,0,0,0,0,0,0,0,0,0,0
2/17/2020,9:30,,50,Echium plantagineum,50,29,0,0,0,0,0,0,0,0,0,0,0,0
2/17/2020,9:30,,60,Hypochaeris / Taraxacum,4,29,0,0,0,0,0,0,0,0,0,0,0,0
2/17/2020,9:30,,60,Conyza bonariensis,45,29,0,0,0,0,0,0,0,0,0,0,0,0
2/17/2020,9:30,,55,Hypochaeris / Taraxacum,5,29,0,1,0,0,0,0,0,0,0,0,0,0
2/17/2020,9:30,,55,Conyza bonariensis,20,29,0,0,0,0,0,0,0,0,0,0,0,0
2/17/2020,9:30,,55,Conyza bonariensis,2,29,0,0,0,0,0,0,0,0,0,0,0,0
2/17/2020,9:30,,54,Hypochaeris / Taraxacum,15,29,0,1,0,0,0,0,0,0,0,0,0,0
2/17/2020,9:30,,54,Solanum nodiflorum,12,29,0,0,0,0,0,0,0,0,0,0,0,0
2/17/2020,9:30,,54,Oenthera indecora,5,29,0,0,0,0,0,0,0,0,0,0,0,0
2/17/2020,9:30,,51,Conyza bonariensis,255,29,0,0,0,1,0,0,0,0,0,0,0,0
2/17/2020,9:30,,51,Whalenbergia gracilis,1,29,0,0,0,0,0,0,0,0,0,0,0,0
2/17/2020,1:15,,4,Senecio madagascariensis,2,26.5,1.7,0,0,0,0,0,0,0,0,0,0,0
2/17/2020,1:15,,4,Hypochaeris / Taraxacum,1,26.5,1.7,0,0,0,0,0,0,0,0,0,0,0
2/17/2020,1:15,,4,Plantago lanceolata,10,26.5,1.7,0,0,0,0,0,0,0,0,0,0,0
2/17/2020,1:15,,6,Conyza bonariensis,56,26.5,1.7,0,0,0,0,0,0,0,0,0,0,0
2/17/2020,1:15,,6,Oenthera indecora,18,26.5,1.7,0,0,0,0,0,0,0,0,0,0,0
2/17/2020,1:15,,8,Hypochaeris / Taraxacum,18,26.5,1.7,0,0,0,0,0,0,0,0,0,0,0
2/17/2020,1:15,,8,Plantago lanceolata,40,26.5,1.7,0,0,0,0,0,0,0,0,0,0,0
2/17/2020,1:15,,8,Solanum nodiflorum,10,26.5,1.7,0,0,0,0,0,0,0,0,0,0,0
2/17/2020,1:15,,8,Conyza bonariensis,120,26.5,1.7,0,0,0,0,0,0,0,0,0,0,0
2/17/2020,1:15,,8,Verbena bonariensis,21,26.5,1.7,0,0,0,0,0,0,0,0,0,0,0
2/17/2020,1:15,,11,Hypochaeris / Taraxacum,5,26.5,1.7,0,0,0,0,0,0,0,0,0,0,0
2/17/2020,1:15,,11,Echium plantagineum,3,26.5,1.7,0,0,0,0,0,0,0,0,0,0,0
2/17/2020,1:15,,11,Conyza bonariensis,25,26.5,1.7,0,0,0,0,0,0,0,0,0,0,0
2/17/2020,1:15,,11,Verbena bonariensis,8,26.5,1.7,0,0,0,0,0,0,0,0,0,0,0
2/17/2020,1:15,,11,Oenthera indecora,5,26.5,1.7,0,0,0,0,0,0,0,0,0,0,0
2/17/2020,1:15,,20,Conyza bonariensis,40,26.5,1.7,0,0,0,0,0,0,0,0,0,0,0
2/17/2020,1:15,,20,Verbena bonariensis,22,26.5,1.7,0,0,0,0,0,0,0,0,0,0,0
2/17/2020,1:15,,19,Hypochaeris / Taraxacum,7,26.5,1.7,0,0,0,0,0,0,0,0,0,0,0
2/17/2020,1:15,,19,Conyza bonariensis,85,26.5,1.7,0,0,0,0,0,0,0,0,0,0,0
2/17/2020,1:15,,13,Hypochaeris / Taraxacum,9,26.5,1.7,0,0,0,0,0,0,0,0,0,0,0
2/17/2020,1:15,,13,Plantago lanceolata,65,26.5,1.7,0,0,0,0,0,0,0,0,0,0,0
2/17/2020,1:15,,13,Senecio madagascariensis,15,26.5,1.7,0,0,0,0,0,0,0,0,0,0,0
2/17/2020,1:15,,13,Lysmachia arvensis ,47,26.5,1.7,0,0,0,0,0,0,0,0,0,0,0
2/17/2020,1:15,,12,Plantago lanceolata,12,26.5,1.7,0,0,0,0,0,0,0,0,0,0,0
2/17/2020,1:15,,12,Echium plantagineum,8,26.5,1.7,1,0,0,0,0,0,0,0,0,0,0
2/17/2020,1:15,,12,Conyza bonariensis,35,26.5,1.7,0,0,0,0,0,0,0,0,0,0,0
2/17/2020,1:15,,12,Lysmachia arvensis ,10,26.5,1.7,0,0,0,0,0,0,0,0,0,0,0
2/17/2020,1:15,,23,Plantago lanceolata,8,26.5,1.7,0,0,0,0,0,0,0,0,0,0,0
2/17/2020,1:15,,23,Conyza bonariensis,100,26.5,1.7,0,0,0,0,0,0,0,0,0,0,0
2/17/2020,1:15,,26,Hypochaeris / Taraxacum,2,26.5,1.7,0,0,0,0,0,0,0,0,0,0,0
2/17/2020,1:15,,26,Plantago lanceolata,79,26.5,1.7,0,0,0,0,0,0,0,0,0,0,0
2/17/2020,1:15,,26,Solanum nodiflorum,1,26.5,1.7,0,0,0,0,0,0,0,0,0,0,0
2/17/2020,1:15,,26,Conyza bonariensis,50,26.5,1.7,0,0,0,0,0,0,0,0,0,0,0
2/17/2020,1:15,,26,Senecio madagascariensis,1,26.5,1.7,0,0,0,0,0,0,0,0,0,0,0
2/17/2020,1:15,,27,Hypochaeris / Taraxacum,3,26.5,1.7,0,0,0,0,0,0,0,1,0,0,0
2/17/2020,1:15,,27,Plantago lanceolata,4,26.5,1.7,0,0,0,0,0,0,0,0,0,0,0
2/17/2020,1:15,,27,Echium plantagineum,6,26.5,1.7,0,0,0,0,0,0,0,0,0,0,0
2/17/2020,1:15,,27,Conyza bonariensis,10,26.5,1.7,0,0,0,0,0,0,0,0,0,0,0
2/17/2020,1:15,,28,Plantago lanceolata,10,26.5,1.7,0,0,0,0,0,0,0,0,0,0,0
2/17/2020,1:15,,28,Solanum nodiflorum,3,26.5,1.7,0,0,0,0,0,0,0,0,0,0,0
2/17/2020,1:15,,28,Echium plantagineum,9,26.5,1.7,0,0,0,0,0,0,0,0,0,0,0
2/17/2020,1:15,,38,na,,26.5,1.7,0,0,0,0,0,0,0,0,0,0,0
2/17/2020,1:15,,36,Hypochaeris / Taraxacum,7,26.5,1.7,0,0,0,0,0,0,0,0,0,0,0
2/17/2020,1:15,,36,Echium plantagineum,5,26.5,1.7,0,0,0,0,0,0,0,0,0,0,0
2/17/2020,1:15,,35,Echium plantagineum,5,26.5,1.7,0,0,0,0,0,0,0,0,0,0,0
2/17/2020,1:15,,31,Hypochaeris / Taraxacum,10,26.5,1.7,0,0,0,0,0,0,0,0,0,0,0
2/17/2020,1:15,,41,Hypochaeris / Taraxacum,4,26.5,1.7,0,0,0,0,0,0,0,0,0,0,0
2/17/2020,1:15,,41,Echium plantagineum,45,26.5,1.7,0,0,0,0,0,0,0,0,0,0,0
2/17/2020,1:15,,42,Hypochaeris / Taraxacum,3,26.5,1.7,0,0,0,0,0,0,0,0,0,0,0
2/17/2020,1:15,,42,Echium plantagineum,40,26.5,1.7,0,0,0,0,0,0,0,0,0,0,0
2/17/2020,1:15,,44,Hypochaeris / Taraxacum,12,26.5,1.7,0,0,0,0,0,0,0,0,0,0,0
2/17/2020,1:15,,44,Echium plantagineum,65,26.5,1.7,0,0,0,0,0,0,0,0,0,0,0
2/17/2020,1:15,,44,yellow large Trifolium repens,4,26.5,1.7,0,0,0,1,0,0,0,0,0,0,0
2/17/2020,1:15,,44,Lysmachia arvensis ,10,26.5,1.7,0,0,0,0,0,0,0,0,0,0,0
2/17/2020,1:15,,50,Hypochaeris / Taraxacum,12,26.5,1.7,0,0,0,0,0,0,0,0,0,0,0
2/17/2020,1:15,,50,Plantago lanceolata,85,26.5,1.7,0,0,0,0,0,0,0,0,0,0,0
2/17/2020,1:15,,50,Echium plantagineum,50,26.5,1.7,0,0,0,0,0,0,0,0,0,0,0
2/17/2020,1:15,,60,Hypochaeris / Taraxacum,4,26.5,1.7,0,0,0,0,0,0,0,0,0,0,0
2/17/2020,1:15,,60,Conyza bonariensis,45,26.5,1.7,0,0,0,0,0,0,0,0,0,0,0
2/17/2020,1:15,,55,Hypochaeris / Taraxacum,5,26.5,1.7,0,0,0,0,0,0,0,0,0,0,0
2/17/2020,1:15,,55,Conyza bonariensis,20,26.5,1.7,0,0,0,0,0,0,0,0,0,0,0
2/17/2020,1:15,,55,Milkweed,2,26.5,1.7,0,0,0,0,0,0,0,0,0,0,0
2/17/2020,1:15,,54,Hypochaeris / Taraxacum,15,26.5,1.7,1,0,0,0,0,0,0,0,0,0,0
2/17/2020,1:15,,54,Solanum nodiflorum,12,26.5,1.7,0,0,0,0,0,0,0,0,0,0,0
2/17/2020,1:15,,54,Oenthera indecora,5,26.5,1.7,0,0,0,0,0,0,0,0,0,0,0
2/17/2020,1:15,,51,Conyza bonariensis,255,26.5,1.7,0,0,0,0,0,0,0,0,0,0,0
2/17/2020,1:15,,51,Whalenbergia gracilis,1,26.5,1.7,0,0,0,0,0,0,0,0,0,0,0
4/1/2020,10:30,,4,Hypochaeris / Taraxacum,26,25,0,1,0,0,0,0,0,0,0,0,0,0
4/1/2020,10:30,,4,Verbena bonariensis,30,25,0,0,0,0,0,0,0,0,0,0,0,0
4/1/2020,10:30,,4,Plantago lanceolata,12,25,0,0,0,0,0,0,0,0,0,0,0,0
4/1/2020,10:30,,4,Senecio madagascariensis,40,25,0,0,0,0,0,0,0,0,0,0,0,0
4/1/2020,10:30,,6,Verbena bonariensis,32,25,0,0,0,0,0,0,0,0,1,0,0,0
4/1/2020,10:30,,6,Bidens pilosa,5,25,0,0,0,0,0,0,0,0,0,0,0,0
4/1/2020,10:30,,6,Hypochaeris / Taraxacum,3,25,0,0,0,0,0,0,0,0,0,0,0,0
4/1/2020,10:30,,8,Verbena bonariensis,25,25,0,0,0,0,0,0,0,0,0,0,0,0
4/1/2020,10:30,,8,Hypochaeris / Taraxacum,15,25,0,1,0,0,0,0,0,0,0,0,0,0
4/1/2020,10:30,,10,Plantago lanceolata,22,25,0,0,0,0,0,0,0,0,0,0,0,0
4/1/2020,10:30,,10,Verbena bonariensis,19,25,0,0,0,0,0,0,0,0,0,0,0,0
4/1/2020,10:30,,10,Hypochaeris / Taraxacum,16,25,0,0,0,0,0,0,0,0,0,0,0,0
4/1/2020,10:30,,20,Verbena bonariensis,15,25,0,0,0,0,0,0,0,0,0,0,0,0
4/1/2020,10:30,,20,Hypochaeris / Taraxacum,10,25,0,1,0,0,0,0,0,0,0,0,0,0
4/1/2020,11:00,,19,Hypochaeris / Taraxacum,38,25,0,2,0,0,0,0,0,0,0,0,0,0
4/1/2020,11:00,,19,Plantago lanceolata,3,25,0,0,0,0,0,0,0,0,0,0,0,0
4/1/2020,11:00,,13,Senecio madagascariensis,10,25,0,0,0,0,0,0,0,0,0,0,0,0
4/1/2020,11:00,,13,Plantago lanceolata,8,25,0,0,0,0,0,0,0,0,0,0,0,0
4/1/2020,11:00,,13,Hypochaeris / Taraxacum,2,25,0,0,0,0,0,0,0,0,0,0,0,0
4/1/2020,11:00,,13,Lysmachia arvensis,10,25,0,0,0,0,0,0,0,0,0,0,0,0
4/1/2020,11:00,,12,Echium plantagineum,17,25,0,0,0,0,0,0,0,0,0,0,0,0
4/1/2020,11:00,,12,Senecio madagascariensis,15,25,0,0,0,0,1,0,0,0,0,0,0,0
4/1/2020,11:00,,12,Plantago lanceolata,16,25,0,0,0,0,0,0,0,0,0,0,0,0
4/1/2020,11:00,,12,Hypochaeris / Taraxacum,2,25,0,0,0,0,0,0,0,0,0,0,0,0
4/1/2020,11:30,,23,Whalenbergia gracilis,3,26,0,0,0,0,0,0,0,0,0,0,0,0
4/1/2020,11:30,,23,Hypochaeris / Taraxacum,3,26,0,0,0,0,0,0,0,0,0,0,0,0
4/1/2020,11:30,,26,Plantago lanceolata,8,26,0,0,0,0,0,0,0,0,0,0,0,0
4/1/2020,11:30,,26,Senecio madagascariensis,5,26,0,0,0,0,0,0,0,0,0,0,0,0
4/1/2020,11:30,,26,Hypochaeris / Taraxacum,1,26,0,1,0,0,0,0,0,0,0,0,0,0
4/1/2020,11:30,,28,Solanum nodiflorum,20,26,0,0,0,0,0,0,0,0,0,0,0,0
4/1/2020,11:30,,28,Senecio madagascariensis,5,26,0,0,0,0,0,0,0,0,0,0,0,0
4/1/2020,11:30,,38,na,0,26,0,0,0,0,0,0,0,0,0,0,0,0
4/1/2020,11:30,,36,Hypochaeris / Taraxacum,2,26,0,0,0,0,0,0,0,0,1,0,0,0
4/1/2020,11:30,,35,na,0,26,0,0,0,0,0,0,0,0,0,0,0,0
4/1/2020,11:30,,31,Hypochaeris / Taraxacum,10,26,0,0,0,0,0,0,0,0,0,0,0,0
4/1/2020,11:30,,41,Hypochaeris / Taraxacum,5,26,0,0,0,0,0,0,0,0,0,0,0,0
4/1/2020,11:30,,41,Solanum nodiflorum,35,26,0,0,0,0,0,0,0,0,0,0,0,0
4/1/2020,12:00,,42,Hypochaeris / Taraxacum,10,26,0,0,1,0,0,0,0,0,0,0,0,0
4/1/2020,12:00,,44,Hypochaeris / Taraxacum,12,26,0,0,0,0,0,0,0,0,0,0,0,0
4/1/2020,12:00,,44,Lysmachia arvensis,20,26,0,0,0,0,0,0,0,0,0,0,0,0
4/1/2020,12:00,,50,Hypochaeris / Taraxacum,10,26,0,0,0,0,0,0,0,0,0,0,0,0
4/1/2020,12:00,,50,Senecio madagascariensis,13,26,0,0,0,0,0,0,0,0,0,0,0,0
4/1/2020,12:00,,50,Plantago lanceolata,11,26,0,0,0,0,0,0,0,0,0,0,0,0
4/1/2020,12:00,,60,Hypochaeris / Taraxacum,14,26,0,1,0,0,0,0,0,0,0,0,0,0
4/1/2020,12:00,,60,Solanum nodiflorum,10,26,0,0,0,0,0,1,0,0,0,0,0,0
4/1/2020,12:00,,60,Senecio madagascariensis,12,26,0,0,1,0,0,0,0,0,0,0,0,0
4/1/2020,12:00,,55,Hypochaeris / Taraxacum,2,26,0,0,0,0,0,0,0,0,0,0,0,0
4/1/2020,12:00,,54,Hypochaeris / Taraxacum,5,26,0,0,1,0,0,0,0,0,0,0,0,0
4/1/2020,12:00,,54,Bidens pilosa,5,26,0,0,0,0,0,0,0,0,0,0,0,0
4/1/2020,12:00,,51,Hypochaeris / Taraxacum,4,26,0,0,0,0,0,0,0,0,0,0,0,0
4/1/2020,1:35,,4,Hypochaeris / Taraxacum,26,23,2,0,0,0,0,0,0,0,0,0,0,0
4/1/2020,1:35,,4,Verbena bonariensis,30,23,2,0,0,0,0,0,0,0,0,0,0,0
4/1/2020,1:35,,4,Plantago lanceolata,12,23,2,0,0,0,0,0,0,0,0,0,0,0
4/1/2020,1:35,,4,Senecio madagascariensis,40,23,2,0,0,0,0,0,0,0,0,0,0,0
4/1/2020,1:35,,6,Verbena bonariensis,32,23,2,0,0,0,0,0,0,0,0,0,0,0
4/1/2020,1:35,,6,Bidens pilosa,5,23,2,0,0,0,0,0,0,0,0,0,0,0
4/1/2020,1:35,,6,Hypochaeris / Taraxacum,3,23,2,0,0,0,0,0,0,0,0,0,0,0
4/1/2020,1:35,,8,Verbena bonariensis,25,23,2,0,0,0,0,0,0,0,0,0,0,0
4/1/2020,1:35,,8,Hypochaeris / Taraxacum,15,23,2,0,0,0,0,0,0,0,0,0,0,0
4/1/2020,1:35,,10,Plantago lanceolata,22,23,2,0,0,0,0,0,0,0,0,0,0,0
4/1/2020,1:35,,10,Verbena bonariensis,19,23,2,0,0,0,0,0,0,0,0,0,0,0
4/1/2020,1:35,,10,Hypochaeris / Taraxacum,16,23,2,0,0,0,0,0,0,0,0,0,0,0
4/1/2020,1:35,,20,Verbena bonariensis,15,23,2,0,0,0,0,0,0,0,0,0,0,0
4/1/2020,1:35,,20,Hypochaeris / Taraxacum,10,23,2,0,0,0,0,0,0,0,0,0,0,0
4/1/2020,1:35,,19,Hypochaeris / Taraxacum,38,23,2,0,0,0,0,0,0,0,0,0,0,0
4/1/2020,1:35,,19,Plantago lanceolata,3,23,2,0,0,0,0,0,0,0,0,0,0,0
4/1/2020,1:35,,13,Senecio madagascariensis,10,23,2,0,0,0,0,0,0,0,0,0,0,0
4/1/2020,1:35,,13,Plantago lanceolata,8,23,2,0,0,0,0,0,0,0,0,0,0,0
4/1/2020,1:35,,13,Hypochaeris / Taraxacum,2,23,2,0,0,0,0,0,0,0,0,0,0,0
4/1/2020,1:35,,13,Lysmachia arvensis,10,23,2,0,0,0,0,0,0,0,0,0,0,0
4/1/2020,1:35,,12,Echium plantagineum,17,23,2,0,0,0,0,0,0,0,0,0,0,0
4/1/2020,1:35,,12,Senecio madagascariensis,15,23,2,0,0,0,0,0,0,0,0,0,0,0
4/1/2020,1:35,,12,Plantago lanceolata,16,23,2,0,0,0,0,0,0,0,0,0,0,0
4/1/2020,1:35,,12,Hypochaeris / Taraxacum,2,23,2,0,0,0,0,0,0,0,0,0,0,0
4/1/2020,1:35,,23,Whalenbergia gracilis,3,23,2,0,0,0,0,0,0,1,0,0,0,0
4/1/2020,1:35,,23,Hypochaeris / Taraxacum,3,23,2,0,0,0,0,0,0,0,0,0,0,0
4/1/2020,1:35,,26,Plantago lanceolata,8,23,2,0,0,0,0,0,0,0,2,0,0,0
4/1/2020,1:35,,26,Senecio madagascariensis,5,23,2,0,0,0,0,0,0,0,0,0,0,0
4/1/2020,1:35,,26,Hypochaeris / Taraxacum,1,23,2,0,0,0,0,0,0,0,0,0,0,0
4/1/2020,1:35,,28,Solanum nodiflorum,20,23,2,0,0,0,0,0,0,0,0,0,0,0
4/1/2020,1:35,,28,Senecio madagascariensis,5,23,2,0,0,0,0,0,0,0,0,0,0,0
4/1/2020,1:35,,38,na,0,23,2,0,0,0,0,0,0,0,0,0,0,0
4/1/2020,1:35,,36,Hypochaeris / Taraxacum,2,23,2,1,0,0,0,0,0,0,0,0,0,0
4/1/2020,1:35,,35,na,0,23,2,0,0,0,0,0,0,0,0,0,0,0
4/1/2020,1:35,,31,Hypochaeris / Taraxacum,10,23,2,0,0,0,0,0,0,0,0,0,0,0
4/1/2020,1:35,,41,Hypochaeris / Taraxacum,5,23,2,0,0,0,0,0,0,0,0,0,0,0
4/1/2020,1:35,,41,Solanum nodiflorum,35,23,2,0,0,0,0,0,0,0,0,0,0,0
4/1/2020,1:35,,42,Hypochaeris / Taraxacum,10,23,2,1,0,0,0,0,0,0,0,0,0,0
4/1/2020,1:35,,44,Hypochaeris / Taraxacum,12,23,2,0,0,0,0,0,0,0,0,0,0,0
4/1/2020,1:35,,44,Lysmachia arvensis,20,23,2,0,0,0,0,0,0,0,0,0,0,0
4/1/2020,1:35,,50,Hypochaeris / Taraxacum,10,23,2,0,0,0,0,0,0,0,0,0,0,0
4/1/2020,1:35,,50,Senecio madagascariensis,13,23,2,0,0,0,0,0,0,0,0,0,0,0
4/1/2020,1:35,,50,Plantago lanceolata,11,23,2,1,0,0,0,0,0,0,0,0,0,0
4/1/2020,1:35,,60,Hypochaeris / Taraxacum,14,23,2,0,0,0,0,0,0,0,0,0,0,0
4/1/2020,1:35,,60,Solanum nodiflorum,10,23,2,0,0,0,0,0,0,0,0,0,0,0
4/1/2020,1:35,,60,Senecio madagascariensis,12,23,2,0,0,0,0,0,0,0,0,0,0,0
4/1/2020,1:35,,55,Hypochaeris / Taraxacum,2,23,2,0,0,0,0,0,0,0,0,0,0,0
4/1/2020,1:35,,54,Hypochaeris / Taraxacum,5,23,2,0,0,0,0,0,0,0,0,0,0,0
4/1/2020,1:35,,54,Bidens pilosa,5,23,2,0,0,0,0,0,0,0,0,0,0,0
4/1/2020,1:35,,51,Hypochaeris / Taraxacum,4,23,2,0,0,0,0,0,0,0,0,0,0,0
6/4/2020,10:00,,4,Conyza bonariensis,40,17,0.5,0,0,0,0,0,0,0,4,0,0,0
6/4/2020,10:06,,4,Senecio madagascariensis,5,17,0.5,0,0,0,0,0,0,0,0,0,0,0
6/4/2020,10:12,,4,Verbena bonariensis,8,17,0.5,0,0,0,0,0,0,0,0,0,0,0
6/4/2020,10:24,,6,na,0,17,0.5,0,0,0,0,0,0,0,0,0,0,0
6/4/2020,10:00,,8,Senecio madagascariensis,6,17,0.5,0,0,0,0,0,0,0,0,0,0,0
6/4/2020,10:06,,10,Conyza bonariensis,3,17,0.5,0,0,0,0,0,0,0,1,0,0,0
6/4/2020,10:12,,20,na,0,17,0.5,0,0,0,0,0,0,0,0,0,0,0
6/4/2020,10:24,,19,Conyza bonariensis,6,17,0.5,0,0,0,0,0,0,0,1,0,0,0
6/4/2020,10:30,,19,Hypochaeris / Taraxacum,8,17,0.5,0,0,0,0,0,0,0,0,0,0,0
6/4/2020,10:35,,17,Conyza bonariensis,6,17,0.5,0,0,0,0,0,0,0,1,0,0,0
6/4/2020,10:40,,13,na,0,17,0.5,0,0,0,0,0,0,0,0,0,0,0
6/4/2020,10:45,,12,Hypochaeris / Taraxacum,1,17,0.5,0,0,0,0,0,0,0,0,0,0,0
6/4/2020,10:30,,12,Echium plantagineum,8,17,0.5,0,0,0,0,0,0,0,0,0,0,0
6/4/2020,10:35,,23,Whalenbergia gracilis,1,17,0.5,0,0,0,0,0,0,0,0,0,0,0
6/4/2020,10:40,,26,Hypochaeris / Taraxacum,3,17,0.5,0,0,0,0,0,0,0,0,0,0,0
6/4/2020,10:45,,28,Conyza bonariensis,3,17,0,0,0,0,0,0,0,0,0,0,0,0
6/4/2020,10:55,,38,na,0,17,0,0,0,0,0,0,0,0,0,0,0,0
6/4/2020,11:00,,35,Conyza bonariensis,10,17,0,0,0,0,0,0,0,0,0,0,0,0
6/4/2020,11:05,,35,Senecio madagascariensis,5,17,0,0,0,0,0,0,0,0,0,0,0,0
6/4/2020,11:10,,35,Hypochaeris / Taraxacum,4,17,0,0,0,0,0,0,0,0,0,0,0,0
6/4/2020,11:15,,31,Senecio madagascariensis,3,17,0,0,0,0,0,0,0,0,0,0,0,0
6/4/2020,11:00,,31,Hypochaeris / Taraxacum,3,17,0,0,0,0,0,0,0,0,0,0,0,0
6/4/2020,11:05,,41,Senecio madagascariensis,7,17,0,0,0,0,0,0,0,0,0,0,0,0
6/4/2020,11:10,,41,Hypochaeris / Taraxacum,3,17,0,0,0,0,0,0,0,0,1,0,0,0
6/4/2020,11:15,,44,Senecio madagascariensis,4,17,0,0,0,0,0,0,0,0,0,0,0,0
6/4/2020,11:21,,44,Hypochaeris / Taraxacum,4,17,0,0,0,0,0,0,0,0,0,0,0,0
6/4/2020,11:26,,50,Hypochaeris / Taraxacum,2,17,0,0,0,0,0,0,0,0,0,0,0,0
6/4/2020,11:31,,60,Conyza bonariensis,9,17,0,0,0,0,0,0,0,0,0,0,0,0
6/4/2020,11:36,,55,na,0,17,0,0,0,0,0,0,0,0,0,0,0,0
6/4/2020,11:21,,54,Conyza bonariensis,4,17,0,0,0,0,0,0,0,0,0,0,0,0
6/4/2020,11:26,,54,Hypochaeris / Taraxacum,5,17,0,0,0,0,0,0,0,0,0,0,1,0
6/4/2020,11:31,,51,na,0,17,0,0,0,0,0,0,0,0,0,0,0,0
6/4/2020,1:00,,4,Conyza bonariensis,40,23,0,0,0,0,0,0,0,0,3,0,0,0
6/4/2020,1:05,,4,Senecio madagascariensis,5,23,0,0,0,0,0,0,0,0,0,0,0,0
6/4/2020,1:10,,4,Verbena bonariensis,8,23,0,0,0,0,0,0,0,0,0,0,0,0
6/4/2020,1:15,,6,na,0,23,0,0,0,0,0,0,0,0,0,0,0,0
6/4/2020,1:15,,8,Senecio madagascariensis,6,23,0,0,0,0,0,0,0,0,0,0,0,0
6/4/2020,1:05,,10,Conyza bonariensis,3,23,0,0,0,0,0,0,0,0,0,0,0,0
6/4/2020,1:10,,20,na,0,23,0,0,0,0,0,0,0,0,0,0,0,0
6/4/2020,1:15,,19,Conyza bonariensis,6,23,0,0,0,0,0,0,0,0,0,0,0,0
6/4/2020,1:30,,19,Hypochaeris / Taraxacum,8,23,0,0,0,0,0,0,0,0,0,0,0,0
6/4/2020,1:25,,17,Conyza bonariensis,6,23,0,0,0,0,0,0,0,0,0,0,0,0
6/4/2020,1:30,,13,na,,23,0,0,0,0,0,0,0,0,0,0,0,0
6/4/2020,1:35,,12,Hypochaeris / Taraxacum,1,23,0,0,0,0,0,0,0,0,0,0,0,0
6/4/2020,1:30,,12,Echium plantagineum,8,23,0,0,0,0,0,0,0,0,0,0,0,0
6/4/2020,1:25,,23,Whalenbergia gracilis,1,23,0,0,0,0,0,0,0,0,0,0,0,0
6/4/2020,1:30,,26,Hypochaeris / Taraxacum,3,23,0,1,0,0,0,0,0,0,0,0,0,0
6/4/2020,1:35,,28,Conyza bonariensis,3,23,0,0,0,0,0,0,0,0,0,0,0,0
6/4/2020,1:40,,38,na,0,23,0,0,0,0,0,0,0,0,0,0,0,0
6/4/2020,1:40,,35,Conyza bonariensis,10,23,0,0,0,0,0,0,0,0,0,0,0,0
6/4/2020,1:45,,35,Senecio madagascariensis,5,23,0,0,0,0,0,0,0,0,0,0,0,0
6/4/2020,1:50,,35,Hypochaeris / Taraxacum,4,23,0,0,0,0,0,0,0,0,0,0,0,0
6/4/2020,1:55,,31,Senecio madagascariensis,3,23,0,0,0,0,0,0,0,0,0,0,0,0
6/4/2020,1:40,,31,Hypochaeris / Taraxacum,3,23,0,0,0,0,0,0,0,0,1,0,0,0
6/4/2020,1:45,,41,Senecio madagascariensis,7,23,0,0,0,0,0,0,0,0,0,0,0,0
6/4/2020,1:50,,41,Hypochaeris / Taraxacum,3,23,0,0,0,0,0,0,0,0,0,0,0,0
6/4/2020,1:55,,44,Senecio madagascariensis,4,23,0,0,0,0,0,0,0,0,0,0,0,0
6/4/2020,2:00,,44,Hypochaeris / Taraxacum,4,23,0,0,0,0,0,0,0,0,0,0,0,0
6/4/2020,2:05,,50,Hypochaeris / Taraxacum,2,23,0,0,0,0,2,0,0,0,0,0,0,0
6/4/2020,2:10,,60,Conyza bonariensis,9,23,0,0,0,0,0,0,0,0,0,0,0,0
6/4/2020,2:15,,55,na,0,23,0,0,0,0,0,0,0,0,0,0,0,0
6/4/2020,2:15,,54,Conyza bonariensis,4,23,0,0,0,0,0,0,0,0,0,0,0,0
6/4/2020,2:05,,54,Hypochaeris / Taraxacum,5,23,0,0,0,0,0,0,0,0,1,0,0,0
6/4/2020,2:05,,51,na,0,23,0,0,0,0,0,0,0,0,0,0,0,0
11/6/2020,9:00,,4,na,0,21.5,0.4,0,0,0,0,0,0,0,0,0,0,0
11/6/2020,9:00,,6,Hypochaeris / Taraxacum,12,21.5,0.4,0,0,0,0,0,0,0,0,0,0,1
11/6/2020,9:00,,6,Verbena bonariensis,13,21.5,0.4,0,0,0,0,0,0,0,0,0,0,0
11/6/2020,9:00,,8,Verbena bonariensis,4,21.5,0.4,0,0,0,0,0,0,0,0,0,0,0
11/6/2020,9:00,,8,Trifolium repens,4,21.5,0.4,0,0,0,0,0,0,0,0,0,0,0
11/6/2020,9:00,,10,Verbena bonariensis,4,21.5,0.4,0,0,0,0,0,0,0,0,0,0,0
11/6/2020,9:00,,10,Hypochaeris / Taraxacum,3,21.5,0.4,0,0,0,0,0,0,0,0,0,0,0
11/6/2020,9:00,,20,Verbena bonariensis,7,21.5,0.4,0,0,0,0,0,0,0,0,0,0,0
11/6/2020,9:00,,20,Hypochaeris / Taraxacum,3,21.5,0.4,0,0,0,0,0,0,0,0,0,0,0
11/6/2020,9:00,,19,Hypochaeris / Taraxacum,10,21.5,0.4,0,0,0,0,0,0,0,1,0,0,0
11/6/2020,9:00,,19,Solanum nodiflorum,3,21.5,0.4,0,0,0,0,0,0,0,0,0,0,0
11/6/2020,9:00,,19,Plantago lanceolata,2,21.5,0.4,0,0,0,0,0,0,0,0,0,0,0
11/6/2020,9:00,,15,centaurium erythraea,40,21.5,0.4,0,0,0,0,0,0,0,0,0,0,0
11/6/2020,9:00,,15,Hypochaeris / Taraxacum,3,21.5,0.4,0,0,0,0,0,0,0,0,0,0,0
11/6/2020,9:00,,13,Oxalis,1,21.5,0.4,0,0,0,0,0,0,0,0,0,0,0
11/6/2020,9:00,,13,Medicago minima,6,21.5,0.4,0,0,0,0,0,0,0,0,0,0,0
11/6/2020,9:00,,12,Hypochaeris / Taraxacum,2,21.5,0.4,0,0,0,0,0,0,0,0,0,0,0
11/6/2020,9:00,,12,Medicago minima,2,21.5,0.4,0,0,0,0,0,0,0,0,0,0,0
11/6/2020,9:00,,23,Plantago lanceolata,1,21.5,0.4,0,0,0,0,0,0,0,0,0,0,0
11/6/2020,9:00,,23,Whalenbergia gracilis,2,21.5,0.4,0,0,0,0,0,0,0,0,0,0,0
11/6/2020,9:00,,26,Hypochaeris / Taraxacum,2,21.5,0.4,0,0,0,0,0,0,0,0,0,0,0
11/6/2020,9:00,,27,Hypochaeris / Taraxacum,1,21.5,0.4,0,0,0,0,0,0,0,0,0,0,0
11/6/2020,9:00,,27,Cardmine hirsuta,1,21.5,0.4,0,0,0,0,0,0,0,0,0,0,0
11/6/2020,9:00,,27,Solanum nodiflorum,4,21.5,0.4,0,0,0,0,0,0,0,0,0,0,0
11/6/2020,9:00,,28,Solanum nodiflorum,3,21.5,0.4,0,0,0,0,0,0,0,0,0,0,0
11/6/2020,9:00,,28,Plantago lanceolata,2,21.5,0.4,0,0,0,0,0,0,0,0,0,0,0
11/6/2020,9:00,,38,na,0,21.5,0.4,0,0,0,0,0,0,0,0,0,0,0
11/6/2020,9:00,,36,Hypochaeris / Taraxacum,3,21.5,0.4,0,0,0,0,0,0,0,0,0,0,0
11/6/2020,9:00,,35,Hypochaeris / Taraxacum,4,21.5,0.4,0,0,0,0,0,0,0,0,0,0,0
11/6/2020,9:00,,35,Echium plantagineum,2,21.5,0.4,0,0,0,0,0,0,0,0,0,0,0
11/6/2020,9:00,,31,Hypochaeris / Taraxacum,20,21.5,0.4,0,0,0,0,0,0,0,0,0,0,0
11/6/2020,9:00,,31,Solanum nodiflorum,5,21.5,0.4,0,0,0,0,0,0,0,0,0,0,0
11/6/2020,9:00,,41,Hypochaeris / Taraxacum,12,21.5,0.4,0,0,0,0,0,0,0,0,0,0,1
11/6/2020,9:00,,41,Whalenbergia gracilis,6,21.5,0.4,0,0,0,0,0,0,0,0,0,0,0
11/6/2020,9:00,,42,Hypochaeris / Taraxacum,4,21.5,0.4,0,0,0,0,0,0,0,0,0,0,0
11/6/2020,9:00,,44,Hypochaeris / Taraxacum,4,21.5,0.4,0,0,0,0,0,0,0,0,0,0,0
11/6/2020,9:00,,44,Medicago minima,20,21.5,0.4,0,0,0,0,0,0,0,0,0,0,0
11/6/2020,9:00,,44,Lysmachia arvensis ,2,21.5,0.4,0,0,0,0,0,0,0,0,0,0,0
11/6/2020,9:00,,44,Oxalis,1,21.5,0.4,0,0,0,0,0,0,0,0,0,0,0
11/6/2020,9:00,,50,Medicago minima,30,21.5,0.4,0,0,0,0,0,0,0,0,0,0,0
11/6/2020,9:00,,50,Hypochaeris / Taraxacum,3,21.5,0.4,0,0,0,0,0,0,0,0,0,0,0
11/6/2020,9:00,,50,Trifolium repens,1,21.5,0.4,0,0,0,0,0,0,0,0,0,0,0
11/6/2020,9:00,,49,Hypochaeris / Taraxacum,5,21.5,0.4,0,0,0,0,0,0,0,0,0,0,0
11/6/2020,9:00,,60,Hypochaeris / Taraxacum,4,21.5,0.4,0,0,0,0,0,0,0,0,0,0,0
11/6/2020,9:00,,60,Medicago minima,12,21.5,0.4,0,0,0,0,0,0,0,0,0,0,0
11/6/2020,9:00,,60,Solanum nodiflorum,1,21.5,0.4,0,0,0,0,0,0,0,0,0,0,0
11/6/2020,9:00,,55,Hypochaeris / Taraxacum,2,21.5,0.4,0,0,0,0,0,0,0,0,0,0,0
11/6/2020,9:00,,55,Plantago lanceolata,2,21.5,0.4,0,0,0,0,0,0,0,0,0,0,0
11/6/2020,9:00,,54,Hypochaeris / Taraxacum,14,21.5,0.4,0,0,0,0,0,0,0,0,0,0,0
11/6/2020,9:00,,54,Solanum nodiflorum,1,21.5,0.4,0,0,0,0,0,0,0,0,0,0,0
11/6/2020,9:00,,51,Hypochaeris / Taraxacum,6,21.5,0.4,0,0,0,0,0,0,0,0,0,0,0
11/6/2020,9:00,,51,Whalenbergia gracilis,2,21.5,0.4,0,0,0,0,0,0,0,0,0,0,0
11/6/2020,12:00,,4,na,0,27,0.5,0,0,0,0,0,0,0,0,0,0,0
11/6/2020,12:00,,6,Hypochaeris / Taraxacum,12,27,0.5,0,0,0,0,0,0,0,0,0,0,1
11/6/2020,12:00,,6,Verbena bonariensis,13,27,0.5,0,0,0,0,0,0,0,0,0,0,0
11/6/2020,12:00,,8,Verbena bonariensis,4,27,0.5,0,0,0,0,0,0,0,0,0,0,0
11/6/2020,12:00,,8,Trifolium repens,4,27,0.5,0,0,0,0,0,0,0,0,0,0,0
11/6/2020,12:00,,10,Verbena bonariensis,4,27,0.5,0,0,0,0,0,0,0,0,0,0,0
11/6/2020,12:00,,10,Hypochaeris / Taraxacum,3,27,0.5,0,0,0,0,0,0,0,0,0,0,0
11/6/2020,12:00,,20,Verbena bonariensis,7,27,0.5,0,0,0,0,0,0,0,0,0,0,0
11/6/2020,12:00,,20,Hypochaeris / Taraxacum,3,27,0.5,0,0,0,0,0,0,0,0,0,0,0
11/6/2020,12:00,,19,Hypochaeris / Taraxacum,10,27,0.5,0,0,0,0,0,0,0,0,0,0,0
11/6/2020,12:00,,19,Solanum nodiflorum,3,27,0.5,0,0,0,0,0,0,0,0,0,0,0
11/6/2020,12:00,,19,Plantago lanceolata,2,27,0.5,0,0,0,0,0,0,0,0,0,0,0
11/6/2020,12:00,,15,centaurium erythraea,40,27,0.5,0,0,0,0,0,0,0,0,0,0,0
11/6/2020,12:00,,15,Hypochaeris / Taraxacum,3,27,0.5,0,0,0,0,0,0,0,0,0,0,0
11/6/2020,12:00,,13,Oxalis,1,27,0.5,0,0,0,0,0,0,0,0,0,0,0
11/6/2020,12:00,,13,Medicago minima,6,27,0.5,0,0,0,0,0,0,0,0,0,0,0
11/6/2020,12:00,,12,Hypochaeris / Taraxacum,2,27,0.5,0,0,0,0,0,0,0,0,0,0,0
11/6/2020,12:00,,12,Medicago minima,2,27,0.5,0,0,0,0,0,0,0,0,0,0,0
11/6/2020,12:00,,23,Plantago lanceolata,1,27,0.5,0,0,0,0,0,0,0,0,0,0,0
11/6/2020,12:00,,23,Whalenbergia gracilis,2,27,0.5,0,0,0,0,0,0,0,0,0,0,0
11/6/2020,12:00,,26,Hypochaeris / Taraxacum,2,27,0.5,0,0,0,0,0,0,0,1,0,0,0
11/6/2020,12:00,,27,Hypochaeris / Taraxacum,1,27,0.5,0,0,0,0,0,0,0,0,0,0,0
11/6/2020,12:00,,27,Cardmine hirsuta,1,27,0.5,0,0,0,0,0,0,0,0,0,0,0
11/6/2020,12:00,,27,Solanum nodiflorum,4,27,0.5,0,0,0,0,0,0,0,0,0,0,0
11/6/2020,12:00,,28,Solanum nodiflorum,3,27,0.5,0,0,0,0,0,0,0,0,0,0,0
11/6/2020,12:00,,28,Plantago lanceolata,2,27,0.5,0,0,0,0,0,0,0,0,0,0,0
11/6/2020,12:00,,38,na,0,27,0.5,0,0,0,0,0,0,0,0,0,0,0
11/6/2020,12:00,,36,Hypochaeris / Taraxacum,3,27,0.5,0,0,0,0,0,0,0,0,0,0,0
11/6/2020,12:00,,35,Hypochaeris / Taraxacum,4,27,0.5,0,0,0,0,0,0,0,0,0,0,0
11/6/2020,12:00,,35,Echium plantagineum,2,27,0.5,0,0,0,0,0,0,0,0,0,0,0
11/6/2020,12:00,,31,Hypochaeris / Taraxacum,20,27,0.5,0,0,0,0,0,0,0,0,0,0,0
11/6/2020,12:00,,31,Solanum nodiflorum,5,27,0.5,0,0,0,0,0,0,0,0,0,0,0
11/6/2020,12:00,,41,Hypochaeris / Taraxacum,12,27,0.5,1,0,0,0,0,0,0,0,0,0,0
11/6/2020,12:00,,41,Whalenbergia gracilis,6,27,0.5,0,0,0,0,0,0,0,0,0,0,0
11/6/2020,12:00,,42,Hypochaeris / Taraxacum,4,27,0.5,0,0,0,0,0,0,0,0,0,0,0
11/6/2020,12:00,,44,Hypochaeris / Taraxacum,4,27,0.5,0,0,0,0,0,0,0,0,0,0,0
11/6/2020,12:00,,44,Medicago minima,20,27,0.5,0,0,0,0,0,0,0,0,0,0,0
11/6/2020,12:00,,44,Lysmachia arvensis ,2,27,0.5,0,0,0,0,0,0,0,0,0,0,0
11/6/2020,12:00,,44,Oxalis,1,27,0.5,0,0,0,0,0,0,0,0,0,0,0
11/6/2020,12:00,,50,Medicago minima,30,27,0.5,0,0,0,0,0,0,0,0,0,0,0
11/6/2020,12:00,,50,Hypochaeris / Taraxacum,3,27,0.5,0,0,0,0,0,0,0,0,0,0,0
11/6/2020,12:00,,50,Trifolium repens,1,27,0.5,0,0,0,0,0,0,0,0,0,0,0
11/6/2020,12:00,,49,Hypochaeris / Taraxacum,5,27,0.5,0,0,0,0,0,0,0,0,0,0,0
11/6/2020,12:00,,60,Hypochaeris / Taraxacum,4,27,0.5,0,0,0,0,0,0,0,0,0,0,0
11/6/2020,12:00,,60,Medicago minima,12,27,0.5,0,0,0,0,0,0,0,0,0,0,0
11/6/2020,12:00,,60,Solanum nodiflorum,1,27,0.5,0,0,0,0,0,0,0,0,0,0,0
11/6/2020,12:00,,55,Hypochaeris / Taraxacum,2,27,0.5,0,0,0,0,0,0,0,0,0,0,0
11/6/2020,12:00,,55,Plantago lanceolata,2,27,0.5,0,0,0,0,0,0,0,0,0,0,0
11/6/2020,12:00,,54,Hypochaeris / Taraxacum,14,27,0.5,0,0,0,0,0,0,0,0,0,0,0
11/6/2020,12:00,,54,Solanum nodiflorum,1,27,0.5,0,0,0,0,0,0,0,0,0,0,0
11/6/2020,12:00,,51,Hypochaeris / Taraxacum,6,27,0.5,1,0,0,0,0,0,0,0,0,0,0
11/6/2020,12:00,,51,Whalenbergia gracilis,2,27,0.5,0,0,0,0,0,0,0,0,0,0,0
12/14/2020,9:12,,4,Verbena bonariensis,5,17,1.5,0,0,0,0,0,0,0,0,0,0,0
12/14/2020,9:12,,6,Hypochaeris / Taraxacum,9,17,1.5,0,0,0,0,0,0,0,0,0,0,0
12/14/2020,9:12,,6,Verbena bonariensis,29,17,1.5,0,0,0,0,0,0,0,0,0,0,0
12/14/2020,9:12,,6,red,3,17,1.5,0,0,0,0,0,0,0,0,0,0,0
12/14/2020,9:12,,8,Verbena bonariensis,56,17,1.5,0,0,0,0,0,0,0,0,0,0,0
12/14/2020,9:12,,8,Hypochaeris / Taraxacum,2,17,1.5,0,0,0,0,0,0,0,0,0,0,0
12/14/2020,9:12,,20,Verbena bonariensis,38,17,1.5,0,0,0,0,0,0,0,0,0,0,0
12/14/2020,9:12,,20,Whalenbergia gracilis,4,17,1.5,0,0,0,0,0,0,0,0,0,0,0
12/14/2020,9:12,,20,Hypochaeris / Taraxacum,3,17,1.5,0,0,0,0,0,0,0,0,0,0,0
12/14/2020,9:12,,19,Plantago lanceolata,5,17,1.5,0,0,0,0,0,0,0,0,0,0,0
12/14/2020,9:12,,19,Hypochaeris / Taraxacum,3,17,1.5,0,0,0,0,0,0,0,0,0,0,0
12/14/2020,9:12,,19,Solanum nodiflorum,5,17,1.5,0,0,0,0,0,0,0,0,0,0,0
12/14/2020,9:12,,13,Lysmachia arvensis ,12,17,1.5,0,0,0,0,0,0,0,0,0,0,0
12/14/2020,9:12,,12,Hypochaeris / Taraxacum,3,17,1.5,0,0,0,0,0,0,0,0,0,0,0
12/14/2020,9:12,,12,Oxalis,3,17,1.5,0,0,0,0,0,0,0,0,0,0,0
12/14/2020,9:12,,12,Medicago minima,8,17,1.5,0,0,0,0,0,0,0,0,0,0,0
12/14/2020,9:12,,12,Lysmachia arvensis,8,17,1.5,0,0,0,0,0,0,0,0,0,0,0
12/14/2020,9:12,,23,Whalenbergia gracilis,12,17,1.5,0,0,0,0,0,0,0,0,0,0,0
12/14/2020,9:12,,23,Plantago lanceolata,2,17,1.5,0,0,0,0,0,0,0,0,0,0,0
12/14/2020,9:12,,26,Hypochaeris / Taraxacum,2,17,1.5,0,0,0,0,0,0,0,0,0,0,0
12/14/2020,9:12,,26,Whalenbergia gracilis,4,17,1.5,0,0,0,0,0,0,0,0,0,0,0
12/14/2020,9:12,,26,Plantago lanceolata,3,17,1.5,0,0,0,0,0,0,0,0,0,0,0
12/14/2020,9:12,,28,Plantago lanceolata,5,17,1.5,0,0,0,0,0,0,0,0,0,0,0
12/14/2020,9:12,,28,Solanum nodiflorum,4,17,1.5,0,0,0,0,0,0,0,0,0,0,0
12/14/2020,9:12,,38,na,0,17,1.5,0,0,0,0,0,0,0,0,0,0,0
12/14/2020,9:12,,35,Senecio madagascariensis,2,17,1.5,0,0,0,0,0,0,0,1,0,0,0
12/14/2020,9:12,,35,Hypochaeris / Taraxacum,1,17,1.5,0,0,0,0,0,0,0,0,0,0,0
12/14/2020,9:12,,31,Hypochaeris / Taraxacum,8,17,1.5,0,0,0,0,0,0,0,0,0,0,0
12/14/2020,9:12,,41,Whalenbergia gracilis,5,17,1.5,0,0,0,0,0,0,0,0,0,0,0
12/14/2020,9:12,,41,Senecio madagascariensis,2,17,1.5,0,0,0,0,0,0,0,0,0,0,0
12/14/2020,9:12,,41,Hypochaeris / Taraxacum,2,17,1.5,0,0,0,0,0,0,0,0,0,0,0
12/14/2020,9:12,,44,Medicago minima,36,17,1.5,0,0,0,3,0,0,0,0,0,0,0
12/14/2020,9:12,,44,Lysmachia arvensis,4,17,1.5,0,0,0,0,0,0,0,0,0,0,0
12/14/2020,9:12,,44,Hypochaeris / Taraxacum,5,17,1.5,0,0,0,0,0,0,0,0,0,0,0
12/14/2020,9:12,,44,Plantago lanceolata,6,17,1.5,0,0,0,0,0,0,0,0,0,0,0
12/14/2020,9:12,,49,na,0,17,1.5,0,0,0,0,0,0,0,0,0,0,0
12/14/2020,9:12,,50,Hypochaeris / Taraxacum,3,17,1.5,0,0,0,0,0,0,0,0,0,0,0
12/14/2020,9:12,,50,Plantago lanceolata,25,17,1.5,0,0,0,0,0,0,0,0,0,0,0
12/14/2020,9:12,,60,na,0,17,1.5,0,0,0,0,0,0,0,0,0,0,0
12/14/2020,9:12,,55,Plantago lanceolata,14,17,1.5,0,0,0,0,0,0,0,0,0,0,0
12/14/2020,9:12,,55,Hypochaeris / Taraxacum,1,17,1.5,0,0,0,0,0,0,0,0,0,0,0
12/14/2020,9:12,,55,Whalenbergia gracilis,1,17,1.5,0,0,0,0,0,0,0,0,0,0,0
12/14/2020,9:12,,54,red,2,17,1.5,0,0,0,0,0,0,0,0,0,0,0
12/14/2020,9:12,,54,Hypochaeris / Taraxacum,6,17,1.5,0,0,0,0,0,0,0,0,0,0,0
12/14/2020,9:12,,54,Whalenbergia gracilis,6,17,1.5,0,0,0,0,0,0,0,0,0,0,0
12/14/2020,9:12,,51,Whalenbergia gracilis,12,17,1.5,0,0,0,0,0,0,0,0,0,0,0
12/14/2020,9:12,,51,Plantago lanceolata,2,17,1.5,0,0,0,0,0,0,0,0,0,0,0
12/14/2020,12:48,,4,Verbena bonariensis,5,26,1,0,0,0,0,0,0,0,0,0,0,0
12/14/2020,12:48,,6,Hypochaeris / Taraxacum,9,26,1,0,0,0,0,0,0,0,0,0,0,0
12/14/2020,12:48,,6,Verbena bonariensis,29,26,1,0,0,0,0,0,0,0,0,0,0,0
12/14/2020,12:48,,6,red,3,26,1,0,0,0,0,0,0,0,0,0,0,0
12/14/2020,12:48,,8,Verbena bonariensis,56,26,1,0,0,0,0,0,0,0,0,0,0,0
12/14/2020,12:48,,8,Hypochaeris / Taraxacum,2,26,1,0,0,0,0,0,0,0,0,0,0,0
12/14/2020,12:48,,20,Verbena bonariensis,38,26,1,0,0,0,0,0,0,0,0,0,0,0
12/14/2020,12:48,,20,Whalenbergia gracilis,4,26,1,0,0,0,0,0,0,0,0,0,0,0
12/14/2020,12:48,,20,Hypochaeris / Taraxacum,3,26,1,2,0,0,0,0,0,0,0,0,0,0
12/14/2020,12:48,,19,Plantago lanceolata,5,26,1,0,0,0,0,0,0,0,0,0,0,0
12/14/2020,12:48,,19,Hypochaeris / Taraxacum,3,26,1,0,0,0,0,0,0,0,1,0,0,0
12/14/2020,12:48,,19,Solanum nodiflorum,5,26,1,0,0,0,0,0,0,0,0,0,0,0
12/14/2020,12:48,,13,Lysmachia arvensis ,12,26,1,0,0,0,0,0,0,0,0,0,0,0
12/14/2020,12:48,,12,Hypochaeris / Taraxacum,3,26,1,0,0,0,1,0,0,0,0,0,0,0
12/14/2020,12:48,,12,Oxalis,3,26,1,0,0,0,0,0,0,0,0,0,0,0
12/14/2020,12:48,,12,Medicago minima,8,26,1,0,0,0,0,0,0,0,0,0,0,0
12/14/2020,12:48,,12,Lysmachia arvensis,8,26,1,0,0,0,0,0,0,0,0,0,0,0
12/14/2020,12:48,,23,Whalenbergia gracilis,12,26,1,0,0,0,0,0,0,0,0,0,0,0
12/14/2020,12:48,,23,Plantago lanceolata,2,26,1,0,0,0,0,0,0,0,0,0,0,0
12/14/2020,12:48,,26,Hypochaeris / Taraxacum,2,26,1,0,0,0,0,0,0,0,0,0,0,0
12/14/2020,12:48,,26,Whalenbergia gracilis,4,26,1,0,0,0,0,0,0,0,0,0,0,0
12/14/2020,12:48,,26,Plantago lanceolata,3,26,1,0,0,0,0,0,0,0,0,0,0,0
12/14/2020,12:48,,28,Plantago lanceolata,5,26,1,0,0,0,0,0,0,0,0,0,0,0
12/14/2020,12:48,,28,Solanum nodiflorum,4,26,1,0,0,0,0,0,0,0,0,0,0,0
12/14/2020,12:48,,38,na,0,26,1,0,0,0,0,0,0,0,0,0,0,0
12/14/2020,12:48,,35,Senecio madagascariensis,2,26,1,0,0,0,2,0,0,0,0,0,0,0
12/14/2020,12:48,,35,Hypochaeris / Taraxacum,1,26,1,0,0,1,0,0,0,0,0,0,0,0
12/14/2020,12:48,,31,Hypochaeris / Taraxacum,8,26,1,0,0,0,0,0,0,0,0,0,0,0
12/14/2020,12:48,,41,Whalenbergia gracilis,5,26,1,0,0,0,0,0,0,0,0,0,0,0
12/14/2020,12:48,,41,Senecio madagascariensis,2,26,1,0,0,0,0,0,0,0,0,0,0,0
12/14/2020,12:48,,41,Hypochaeris / Taraxacum,2,26,1,0,0,0,0,0,0,0,0,0,0,0
12/14/2020,12:48,,44,Medicago minima,36,26,1,0,0,0,0,0,0,0,0,0,0,0
12/14/2020,12:48,,44,Lysmachia arvensis,4,26,1,0,0,0,0,0,0,0,0,0,0,0
12/14/2020,12:48,,44,Hypochaeris / Taraxacum,5,26,1,0,0,0,0,0,0,0,0,0,0,0
12/14/2020,12:48,,44,Plantago lanceolata,6,26,1,0,0,0,0,0,0,0,0,0,0,0
12/14/2020,12:48,,49,na,0,26,1,0,0,0,0,0,0,0,0,0,0,0
12/14/2020,12:48,,50,Hypochaeris / Taraxacum,3,26,1,0,0,0,0,0,0,0,0,0,0,0
12/14/2020,12:48,,50,Plantago lanceolata,25,26,1,0,0,0,0,0,0,0,0,0,0,0
12/14/2020,12:48,,60,na,0,26,1,0,0,0,0,0,0,0,0,0,0,0
12/14/2020,12:48,,55,Plantago lanceolata,14,26,1,0,0,0,0,0,0,0,0,0,0,0
12/14/2020,12:48,,55,Hypochaeris / Taraxacum,1,26,1,0,0,0,0,0,0,0,0,0,0,0
12/14/2020,12:48,,55,Whalenbergia gracilis,1,26,1,0,0,0,0,0,0,0,0,0,0,0
12/14/2020,12:48,,54,red,2,26,1,0,0,0,0,0,0,0,0,0,0,0
12/14/2020,12:48,,54,Hypochaeris / Taraxacum,6,26,1,1,0,0,0,0,0,0,0,0,0,0
12/14/2020,12:48,,54,Whalenbergia gracilis,6,26,1,0,0,0,0,0,0,0,0,0,0,0
12/14/2020,12:48,,51,Whalenbergia gracilis,12,26,1,0,0,0,0,0,0,0,0,0,0,0
12/14/2020,12:48,,51,Plantago lanceolata,2,26,1,0,0,0,0,0,0,0,0,0,0,0